,community
0,2
1,2
2,2
3,2
4,2
5,2
6,2
7,2
8,2
9,2
10,2
11,2
12,2
13,2
14,2
15,2
16,2
17,2
18,2
19,2
20,2
21,2
22,2
23,2
24,2
25,2
26,2
27,2
28,2
29,2
30,2
31,2
32,2
33,2
34,2
35,2
36,2
37,2
38,2
39,2
40,2
41,2
42,2
43,2
44,2
45,2
46,2
47,2
48,2
49,2
50,2
51,2
52,2
53,2
54,2
55,2
56,2
57,2
58,2
59,2
60,2
61,2
62,2
63,2
64,2
65,2
66,2
67,2
68,2
69,2
70,2
71,2
72,2
73,2
74,2
75,2
76,2
77,2
78,2
79,2
80,2
81,2
82,2
83,2
84,2
85,2
86,2
87,2
88,2
89,2
90,2
91,2
92,2
93,2
94,2
95,2
96,2
97,2
98,2
99,2
100,2
101,2
102,2
103,2
104,2
105,2
106,2
107,2
108,2
109,2
110,2
111,2
112,2
113,2
114,2
115,2
116,2
117,2
118,2
119,2
120,2
121,2
122,2
123,2
124,2
125,2
126,2
127,2
128,2
129,2
130,2
131,2
132,2
133,2
134,2
135,2
136,2
137,2
138,2
139,2
140,2
141,2
142,2
143,2
144,2
145,2
146,2
147,2
148,2
149,2
150,2
151,2
152,2
153,2
154,2
155,2
156,2
157,2
158,2
159,2
160,2
161,2
162,2
163,2
164,2
165,2
166,2
167,2
168,2
169,2
170,2
171,2
172,2
173,2
174,2
175,2
176,2
177,2
178,2
179,2
180,2
181,2
182,2
183,2
184,2
185,2
186,2
187,2
188,2
189,2
190,2
191,2
192,2
193,2
194,2
195,2
196,2
197,2
198,2
199,2
200,2
201,2
202,2
203,2
204,2
205,2
206,2
207,2
208,2
209,2
210,2
211,2
212,2
213,2
214,2
215,2
216,2
217,2
218,2
219,2
220,2
221,2
222,2
223,2
224,2
225,2
226,2
227,2
228,2
229,2
230,2
231,2
232,2
233,2
234,2
235,2
236,2
237,2
238,2
239,2
240,2
241,2
242,2
243,2
244,2
245,2
246,2
247,2
248,2
249,2
250,2
251,2
252,2
253,2
254,2
255,2
256,2
257,2
258,2
259,2
260,2
261,2
262,2
263,2
264,2
265,2
266,2
267,2
268,2
269,2
270,2
271,2
272,2
273,2
274,2
275,2
276,2
277,2
278,2
279,2
280,2
281,2
282,2
283,2
284,2
285,2
286,2
287,2
288,2
289,2
290,2
291,2
292,2
293,2
294,2
295,2
296,2
297,2
298,2
299,2
300,2
301,2
302,2
303,2
304,2
305,2
306,2
307,2
308,2
309,2
310,2
311,2
312,2
313,2
314,2
315,2
316,2
317,2
318,2
319,2
320,2
321,2
322,2
323,2
324,2
325,2
326,2
327,2
328,2
329,2
330,2
331,2
332,2
333,2
334,2
335,2
336,2
337,2
338,2
339,2
340,2
341,2
342,2
343,2
344,2
345,2
346,2
347,2
348,2
349,2
350,2
351,2
352,2
353,2
354,2
355,2
356,2
357,2
358,2
359,2
360,2
361,2
362,2
363,2
364,2
365,2
366,2
367,2
368,2
369,2
370,2
371,2
372,2
373,2
374,2
375,2
376,2
377,2
378,2
379,2
380,2
381,2
382,2
383,2
384,2
385,2
386,2
387,2
388,2
389,2
390,2
391,2
392,2
393,2
394,2
395,2
396,2
397,2
398,2
399,2
400,2
401,2
402,2
403,2
404,2
405,2
406,2
407,2
408,2
409,2
410,2
411,2
412,2
413,2
414,2
415,2
416,2
417,2
418,2
419,2
420,2
421,2
422,2
423,2
424,2
425,2
426,2
427,2
428,2
429,2
430,2
431,2
432,2
433,2
434,2
435,2
436,2
437,2
438,2
439,2
440,2
441,2
442,2
443,2
444,2
445,2
446,2
447,2
448,2
449,2
450,2
451,2
452,2
453,2
454,2
455,2
456,2
457,2
458,2
459,2
460,2
461,2
462,2
463,2
464,2
465,2
466,2
467,2
468,2
469,2
470,2
471,2
472,2
473,2
474,2
475,2
476,2
477,2
478,2
479,2
480,2
481,2
482,2
483,2
484,2
485,2
486,2
487,2
488,2
489,2
490,2
491,2
492,2
493,2
494,2
495,2
496,2
497,2
498,2
499,2
500,2
501,2
502,2
503,2
504,2
505,2
506,2
507,2
508,2
509,2
510,2
511,2
512,2
513,2
514,2
515,2
516,2
517,2
518,2
519,2
520,2
521,2
522,2
523,2
524,2
525,2
526,2
527,2
528,2
529,2
530,2
531,2
532,2
533,2
534,2
535,2
536,2
537,2
538,2
539,2
540,2
541,2
542,2
543,2
544,2
545,2
546,2
547,2
548,2
549,2
550,2
551,2
552,2
553,2
554,2
555,2
556,2
557,2
558,2
559,2
560,2
561,2
562,2
563,2
564,2
565,2
566,2
567,2
568,2
569,2
570,2
571,2
572,2
573,2
574,2
575,2
576,2
577,2
578,2
579,2
580,2
581,2
582,2
583,2
584,2
585,2
586,2
587,2
588,2
589,2
590,2
591,2
592,2
593,2
594,2
595,2
596,2
597,2
598,2
599,2
600,2
601,2
602,2
603,2
604,2
605,2
606,2
607,2
608,2
609,2
610,2
611,2
612,2
613,2
614,2
615,2
616,2
617,2
618,2
619,2
620,2
621,2
622,2
623,2
624,2
625,2
626,2
627,2
628,2
629,2
630,2
631,2
632,2
633,2
634,2
635,2
636,2
637,2
638,2
639,2
640,2
641,2
642,2
643,2
644,2
645,2
646,2
647,2
648,2
649,2
650,2
651,2
652,2
653,2
654,2
655,2
656,2
657,2
658,2
659,2
660,2
661,2
662,2
663,2
664,2
665,2
666,2
667,2
668,2
669,2
670,2
671,2
672,2
673,2
674,2
675,2
676,2
677,2
678,2
679,2
680,2
681,2
682,2
683,2
684,2
685,2
686,2
687,2
688,2
689,2
690,2
691,2
692,2
693,2
694,2
695,2
696,2
697,2
698,2
699,2
700,2
701,2
702,2
703,2
704,2
705,2
706,2
707,2
708,2
709,2
710,2
711,2
712,2
713,2
714,2
715,2
716,2
717,2
718,2
719,2
720,2
721,2
722,2
723,2
724,2
725,2
726,2
727,2
728,2
729,2
730,2
731,2
732,2
733,2
734,2
735,2
736,2
737,2
738,2
739,2
740,2
741,2
742,2
743,2
744,2
745,2
746,2
747,2
748,2
749,2
750,2
751,2
752,2
753,2
754,2
755,2
756,2
757,2
758,2
759,2
760,2
761,2
762,2
763,2
764,2
765,2
766,2
767,2
768,2
769,2
770,2
771,2
772,2
773,2
774,2
775,2
776,2
777,2
778,2
779,2
780,2
781,2
782,2
783,2
784,2
785,2
786,2
787,2
788,2
789,2
790,2
791,2
792,2
793,2
794,2
795,2
796,2
797,2
798,2
799,2
800,2
801,2
802,2
803,2
804,2
805,2
806,2
807,2
808,2
809,2
810,2
811,2
812,2
813,2
814,2
815,2
816,2
817,2
818,2
819,2
820,2
821,2
822,2
823,2
824,2
825,2
826,2
827,2
828,2
829,2
830,2
831,2
832,2
833,2
834,2
835,2
836,2
837,2
838,2
839,2
840,2
841,2
842,2
843,2
844,2
845,2
846,2
847,2
848,2
849,2
850,2
851,2
852,2
853,2
854,2
855,2
856,2
857,2
858,2
859,2
860,2
861,2
862,2
863,2
864,2
865,2
866,2
867,2
868,2
869,2
870,2
871,2
872,2
873,2
874,2
875,2
876,2
877,2
878,2
879,2
880,2
881,2
882,2
883,2
884,2
885,2
886,2
887,2
888,2
889,2
890,2
891,2
892,2
893,2
894,2
895,2
896,2
897,2
898,2
899,2
900,2
901,2
902,2
903,2
904,2
905,2
906,2
907,2
908,2
909,2
910,2
911,2
912,2
913,2
914,2
915,2
916,2
917,2
918,2
919,2
920,2
921,2
922,2
923,2
924,2
925,2
926,2
927,2
928,2
929,2
930,2
931,2
932,2
933,2
934,2
935,2
936,2
937,2
938,2
939,2
940,2
941,2
942,2
943,2
944,2
945,2
946,2
947,2
948,2
949,2
950,2
951,2
952,2
953,2
954,2
955,2
956,2
957,2
958,2
959,2
960,2
961,2
962,2
963,2
964,2
965,2
966,2
967,2
968,2
969,2
970,2
971,2
972,2
973,2
974,2
975,2
976,2
977,2
978,2
979,2
980,2
981,2
982,2
983,2
984,2
985,2
986,2
987,2
988,2
989,2
990,2
991,2
992,2
993,2
994,2
995,2
996,2
997,2
998,2
999,2
1000,2
1001,2
1002,2
1003,2
1004,2
1005,2
1006,2
1007,2
1008,2
1009,2
1010,2
1011,2
1012,2
1013,2
1014,2
1015,2
1016,2
1017,2
1018,2
1019,2
1020,2
1021,2
1022,2
1023,2
1024,2
1025,2
1026,2
1027,2
1028,2
1029,2
1030,2
1031,2
1032,2
1033,2
1034,2
1035,2
1036,2
1037,2
1038,2
1039,2
1040,2
1041,2
1042,2
1043,2
1044,2
1045,2
1046,2
1047,2
1048,2
1049,2
1050,2
1051,2
1052,2
1053,2
1054,2
1055,2
1056,2
1057,2
1058,2
1059,2
1060,2
1061,2
1062,2
1063,2
1064,2
1065,2
1066,2
1067,2
1068,2
1069,2
1070,2
1071,2
1072,2
1073,2
1074,2
1075,2
1076,2
1077,2
1078,2
1079,2
1080,2
1081,2
1082,2
1083,2
1084,2
1085,2
1086,2
1087,2
1088,2
1089,2
1090,2
1091,2
1092,2
1093,2
1094,2
1095,2
1096,2
1097,2
1098,2
1099,2
1100,2
1101,2
1102,2
1103,2
1104,2
1105,2
1106,2
1107,2
1108,2
1109,2
1110,2
1111,2
1112,2
1113,2
1114,2
1115,2
1116,2
1117,2
1118,2
1119,2
1120,2
1121,2
1122,2
1123,2
1124,2
1125,2
1126,2
1127,2
1128,2
1129,2
1130,2
1131,2
1132,2
1133,2
1134,2
1135,2
1136,2
1137,2
1138,2
1139,2
1140,2
1141,2
1142,2
1143,2
1144,2
1145,2
1146,2
1147,2
1148,2
1149,2
1150,2
1151,2
1152,2
1153,2
1154,2
1155,2
1156,2
1157,2
1158,2
1159,2
1160,2
1161,2
1162,2
1163,2
1164,2
1165,2
1166,2
1167,2
1168,2
1169,2
1170,2
1171,2
1172,2
1173,2
1174,2
1175,2
1176,2
1177,2
1178,2
1179,2
1180,2
1181,2
1182,2
1183,2
1184,2
1185,2
1186,2
1187,2
1188,2
1189,2
1190,2
1191,2
1192,2
1193,2
1194,2
1195,2
1196,2
1197,2
1198,2
1199,2
1200,2
1201,2
1202,2
1203,2
1204,2
1205,2
1206,2
1207,2
1208,2
1209,2
1210,2
1211,2
1212,2
1213,2
1214,2
1215,2
1216,2
1217,2
1218,2
1219,2
1220,2
1221,2
1222,2
1223,2
1224,2
1225,2
1226,2
1227,2
1228,2
1229,2
1230,2
1231,2
1232,2
1233,2
1234,2
1235,2
1236,2
1237,2
1238,2
1239,2
1240,2
1241,2
1242,2
1243,2
1244,2
1245,2
1246,2
1247,2
1248,2
1249,2
1250,2
1251,2
1252,2
1253,2
1254,2
1255,2
1256,2
1257,2
1258,2
1259,2
1260,2
1261,2
1262,2
1263,2
1264,2
1265,2
1266,2
1267,2
1268,2
1269,2
1270,2
1271,2
1272,2
1273,2
1274,2
1275,2
1276,2
1277,2
1278,2
1279,2
1280,2
1281,2
1282,2
1283,2
1284,2
1285,2
1286,2
1287,2
1288,2
1289,2
1290,2
1291,2
1292,2
1293,2
1294,2
1295,2
1296,2
1297,2
1298,2
1299,2
1300,2
1301,2
1302,2
1303,2
1304,2
1305,2
1306,2
1307,2
1308,2
1309,2
1310,2
1311,2
1312,2
1313,2
1314,2
1315,2
1316,2
1317,2
1318,2
1319,2
1320,2
1321,2
1322,2
1323,2
1324,2
1325,2
1326,2
1327,2
1328,2
1329,2
1330,2
1331,2
1332,2
1333,2
1334,2
1335,2
1336,2
1337,2
1338,2
1339,2
1340,2
1341,2
1342,2
1343,2
1344,2
1345,2
1346,2
1347,2
1348,2
1349,2
1350,2
1351,2
1352,2
1353,2
1354,2
1355,2
1356,2
1357,2
1358,2
1359,2
1360,2
1361,2
1362,2
1363,2
1364,2
1365,2
1366,2
1367,2
1368,2
1369,2
1370,2
1371,2
1372,2
1373,2
1374,2
1375,2
1376,2
1377,2
1378,2
1379,2
1380,2
1381,2
1382,2
1383,2
1384,2
1385,2
1386,2
1387,2
1388,2
1389,2
1390,2
1391,2
1392,2
1393,2
1394,2
1395,2
1396,2
1397,2
1398,2
1399,2
1400,2
1401,2
1402,2
1403,2
1404,2
1405,2
1406,2
1407,2
1408,2
1409,2
1410,2
1411,2
1412,2
1413,2
1414,2
1415,2
1416,2
1417,2
1418,2
1419,2
1420,2
1421,2
1422,2
1423,2
1424,2
1425,2
1426,2
1427,2
1428,2
1429,2
1430,2
1431,2
1432,2
1433,2
1434,2
1435,2
1436,2
1437,2
1438,2
1439,2
1440,2
1441,2
1442,2
1443,2
1444,2
1445,2
1446,2
1447,2
1448,2
1449,2
1450,2
1451,2
1452,2
1453,2
1454,2
1455,2
1456,2
1457,2
1458,2
1459,2
1460,2
1461,2
1462,2
1463,2
1464,2
1465,2
1466,2
1467,2
1468,2
1469,2
1470,2
1471,2
1472,2
1473,2
1474,2
1475,2
1476,2
1477,2
1478,2
1479,2
1480,2
1481,2
1482,2
1483,2
1484,2
1485,2
1486,2
1487,2
1488,2
1489,2
1490,2
1491,2
1492,2
1493,2
1494,2
1495,2
1496,2
1497,2
1498,2
1499,2
1500,2
1501,2
1502,2
1503,2
1504,2
1505,2
1506,2
1507,2
1508,2
1509,2
1510,2
1511,2
1512,2
1513,2
1514,2
1515,2
1516,2
1517,2
1518,2
1519,2
1520,2
1521,2
1522,2
1523,2
1524,2
1525,2
1526,2
1527,2
1528,2
1529,2
1530,2
1531,2
1532,2
1533,2
1534,2
1535,2
1536,2
1537,2
1538,2
1539,2
1540,2
1541,2
1542,2
1543,2
1544,2
1545,2
1546,2
1547,2
1548,2
1549,2
1550,2
1551,2
1552,2
1553,2
1554,2
1555,2
1556,2
1557,2
1558,2
1559,2
1560,2
1561,2
1562,2
1563,2
1564,2
1565,2
1566,2
1567,2
1568,2
1569,2
1570,2
1571,2
1572,2
1573,2
1574,2
1575,2
1576,2
1577,2
1578,2
1579,2
1580,2
1581,2
1582,2
1583,2
1584,2
1585,2
1586,2
1587,2
1588,2
1589,2
1590,2
1591,2
1592,2
1593,2
1594,2
1595,2
1596,2
1597,2
1598,2
1599,2
1600,2
1601,2
1602,2
1603,2
1604,2
1605,2
1606,2
1607,2
1608,2
1609,2
1610,2
1611,2
1612,2
1613,2
1614,2
1615,2
1616,2
1617,2
1618,2
1619,2
1620,2
1621,2
1622,2
1623,2
1624,2
1625,2
1626,2
1627,2
1628,2
1629,2
1630,2
1631,2
1632,2
1633,2
1634,2
1635,2
1636,2
1637,2
1638,2
1639,2
1640,2
1641,2
1642,2
1643,2
1644,2
1645,2
1646,2
1647,2
1648,2
1649,2
1650,2
1651,2
1652,2
1653,2
1654,2
1655,2
1656,2
1657,2
1658,2
1659,2
1660,2
1661,2
1662,2
1663,2
1664,2
1665,2
1666,2
1667,2
1668,2
1669,2
1670,2
1671,2
1672,2
1673,2
1674,2
1675,2
1676,2
1677,2
1678,2
1679,2
1680,2
1681,2
1682,2
1683,2
1684,2
1685,2
1686,2
1687,2
1688,2
1689,2
1690,2
1691,2
1692,2
1693,2
1694,2
1695,2
1696,2
1697,2
1698,2
1699,2
1700,2
1701,2
1702,2
1703,2
1704,2
1705,2
1706,2
1707,2
1708,2
1709,2
1710,2
1711,2
1712,2
1713,2
1714,2
1715,2
1716,2
1717,2
1718,2
1719,2
1720,2
1721,2
1722,2
1723,2
1724,2
1725,2
1726,2
1727,2
1728,2
1729,2
1730,2
1731,2
1732,2
1733,2
1734,2
1735,2
1736,2
1737,2
1738,2
1739,2
1740,2
1741,2
1742,2
1743,2
1744,2
1745,2
1746,2
1747,2
1748,2
1749,2
1750,2
1751,2
1752,2
1753,2
1754,2
1755,2
1756,2
1757,2
1758,2
1759,2
1760,2
1761,2
1762,2
1763,2
1764,2
1765,2
1766,2
1767,2
1768,2
1769,2
1770,2
1771,2
1772,2
1773,2
1774,2
1775,2
1776,2
1777,2
1778,2
1779,2
1780,2
1781,2
1782,2
1783,2
1784,2
1785,2
1786,2
1787,2
1788,2
1789,2
1790,2
1791,2
1792,2
1793,2
1794,2
1795,2
1796,2
1797,2
1798,2
1799,2
1800,2
1801,2
1802,2
1803,2
1804,2
1805,2
1806,2
1807,2
1808,2
1809,2
1810,2
1811,2
1812,2
1813,2
1814,2
1815,2
1816,2
1817,2
1818,2
1819,2
1820,2
1821,2
1822,2
1823,2
1824,2
1825,2
1826,2
1827,2
1828,2
1829,2
1830,2
1831,2
1832,2
1833,2
1834,2
1835,2
1836,2
1837,2
1838,2
1839,2
1840,2
1841,2
1842,2
1843,2
1844,2
1845,2
1846,2
1847,2
1848,2
1849,2
1850,2
1851,2
1852,2
1853,2
1854,2
1855,2
1856,2
1857,2
1858,2
1859,2
1860,2
1861,2
1862,2
1863,2
1864,2
1865,2
1866,2
1867,2
1868,2
1869,2
1870,2
1871,2
1872,2
1873,2
1874,2
1875,2
1876,2
1877,2
1878,2
1879,2
1880,2
1881,2
1882,2
1883,2
1884,2
1885,2
1886,2
1887,2
1888,2
1889,2
1890,2
1891,2
1892,2
1893,2
1894,2
1895,2
1896,2
1897,2
1898,2
1899,2
1900,2
1901,2
1902,2
1903,2
1904,2
1905,2
1906,2
1907,2
1908,2
1909,2
1910,2
1911,2
1912,2
1913,2
1914,2
1915,2
1916,2
1917,2
1918,2
1919,2
1920,2
1921,2
1922,2
1923,2
1924,2
1925,2
1926,2
1927,2
1928,2
1929,2
1930,2
1931,2
1932,2
1933,2
1934,2
1935,2
1936,2
1937,2
1938,2
1939,2
1940,2
1941,2
1942,2
1943,2
1944,2
1945,2
1946,2
1947,2
1948,2
1949,2
1950,2
1951,2
1952,2
1953,2
1954,2
1955,2
1956,2
1957,2
1958,2
1959,2
1960,2
1961,2
1962,2
1963,2
1964,2
1965,2
1966,2
1967,2
1968,2
1969,2
1970,2
1971,2
1972,2
1973,2
1974,2
1975,2
1976,2
1977,2
1978,2
1979,2
1980,2
1981,2
1982,2
1983,2
1984,2
1985,2
1986,2
1987,2
1988,2
1989,2
1990,2
1991,2
1992,2
1993,2
1994,2
1995,2
1996,2
1997,2
1998,2
1999,2
2000,2
2001,2
2002,2
2003,2
2004,2
2005,2
2006,2
2007,2
2008,2
2009,2
2010,2
2011,2
2012,2
2013,2
2014,2
2015,2
2016,2
2017,2
2018,2
2019,2
2020,2
2021,2
2022,2
2023,2
2024,2
2025,2
2026,2
2027,2
2028,2
2029,2
2030,2
2031,2
2032,2
2033,2
2034,2
2035,2
2036,2
2037,2
2038,2
2039,2
2040,2
2041,2
2042,2
2043,2
2044,2
2045,2
2046,2
2047,2
2048,2
2049,2
2050,2
2051,2
2052,2
2053,2
2054,2
2055,2
2056,2
2057,2
2058,2
2059,2
2060,2
2061,2
2062,2
2063,2
2064,2
2065,2
2066,2
2067,2
2068,2
2069,2
2070,2
2071,2
2072,2
2073,2
2074,2
2075,2
2076,2
2077,2
2078,2
2079,2
2080,2
2081,2
2082,2
2083,2
2084,2
2085,2
2086,2
2087,2
2088,2
2089,2
2090,2
2091,2
2092,2
2093,2
2094,2
2095,2
2096,2
2097,2
2098,2
2099,2
2100,2
2101,2
2102,2
2103,2
2104,2
2105,2
2106,2
2107,2
2108,2
2109,2
2110,2
2111,2
2112,2
2113,2
2114,2
2115,2
2116,2
2117,2
2118,2
2119,2
2120,2
2121,2
2122,2
2123,2
2124,2
2125,2
2126,2
2127,2
2128,2
2129,2
2130,2
2131,2
2132,2
2133,2
2134,2
2135,2
2136,2
2137,2
2138,2
2139,2
2140,2
2141,2
2142,2
2143,2
2144,2
2145,2
2146,2
2147,2
2148,2
2149,2
2150,2
2151,2
2152,2
2153,2
2154,2
2155,2
2156,2
2157,2
2158,2
2159,2
2160,2
2161,2
2162,2
2163,2
2164,2
2165,2
2166,2
2167,2
2168,2
2169,2
2170,2
2171,2
2172,2
2173,2
2174,2
2175,2
2176,2
2177,2
2178,2
2179,2
2180,2
2181,2
2182,2
2183,2
2184,2
2185,2
2186,2
2187,2
2188,2
2189,2
2190,2
2191,2
2192,2
2193,2
2194,2
2195,2
2196,2
2197,2
2198,2
2199,2
2200,2
2201,2
2202,2
2203,2
2204,2
2205,2
2206,2
2207,2
2208,2
2209,2
2210,2
2211,2
2212,2
2213,2
2214,2
2215,2
2216,2
2217,2
2218,2
2219,2
2220,2
2221,2
2222,2
2223,2
2224,2
2225,2
2226,2
2227,2
2228,2
2229,2
2230,2
2231,2
2232,2
2233,2
2234,2
2235,2
2236,2
2237,2
2238,2
2239,2
2240,2
2241,2
2242,2
2243,2
2244,2
2245,2
2246,2
2247,2
2248,2
2249,2
2250,2
2251,2
2252,2
2253,2
2254,2
2255,2
2256,2
2257,2
2258,2
2259,2
2260,2
2261,2
2262,2
2263,2
2264,2
2265,2
2266,2
2267,2
2268,2
2269,2
2270,2
2271,2
2272,2
2273,2
2274,2
2275,2
2276,2
2277,2
2278,2
2279,2
2280,2
2281,2
2282,2
2283,2
2284,2
2285,2
2286,2
2287,2
2288,2
2289,2
2290,2
2291,2
2292,2
2293,2
2294,2
2295,2
2296,2
2297,2
2298,2
2299,2
2300,2
2301,2
2302,2
2303,2
2304,2
2305,2
2306,2
2307,2
2308,2
2309,2
2310,2
2311,2
2312,2
2313,2
2314,2
2315,2
2316,2
2317,2
2318,2
2319,2
2320,2
2321,2
2322,2
2323,2
2324,2
2325,2
2326,2
2327,2
2328,2
2329,2
2330,2
2331,2
2332,2
2333,2
2334,2
2335,2
2336,2
2337,2
2338,2
2339,2
2340,2
2341,2
2342,2
2343,2
2344,2
2345,2
2346,2
2347,2
2348,2
2349,2
2350,2
2351,2
2352,2
2353,2
2354,2
2355,2
2356,2
2357,2
2358,2
2359,2
2360,2
2361,2
2362,2
2363,2
2364,2
2365,2
2366,2
2367,2
2368,2
2369,2
2370,2
2371,2
2372,2
2373,2
2374,2
2375,2
2376,2
2377,2
2378,2
2379,2
2380,2
2381,2
2382,2
2383,2
2384,2
2385,2
2386,2
2387,2
2388,2
2389,2
2390,2
2391,2
2392,2
2393,2
2394,2
2395,2
2396,2
2397,2
2398,2
2399,2
2400,2
2401,2
2402,2
2403,2
2404,2
2405,2
2406,2
2407,2
2408,2
2409,2
2410,2
2411,2
2412,2
2413,2
2414,2
2415,2
2416,2
2417,2
2418,2
2419,2
2420,2
2421,2
2422,2
2423,2
2424,2
2425,2
2426,2
2427,2
2428,2
2429,2
2430,2
2431,2
2432,2
2433,2
2434,2
2435,2
2436,2
2437,2
2438,2
2439,2
2440,2
2441,2
2442,2
2443,2
2444,2
2445,2
2446,2
2447,2
2448,2
2449,2
2450,2
2451,2
2452,2
2453,2
2454,2
2455,2
2456,2
2457,2
2458,2
2459,2
2460,2
2461,2
2462,2
2463,2
2464,2
2465,2
2466,2
2467,2
2468,2
2469,2
2470,2
2471,2
2472,2
2473,2
2474,2
2475,2
2476,2
2477,2
2478,2
2479,2
2480,2
2481,2
2482,2
2483,2
2484,2
2485,2
2486,2
2487,2
2488,2
2489,2
2490,2
2491,2
2492,2
2493,2
2494,2
2495,2
2496,2
2497,2
2498,2
2499,2
2500,2
2501,2
2502,2
2503,2
2504,2
2505,2
2506,2
2507,2
2508,2
2509,2
2510,2
2511,2
2512,2
2513,2
2514,2
2515,2
2516,2
2517,2
2518,2
2519,2
2520,2
2521,2
2522,2
2523,2
2524,2
2525,2
2526,2
2527,2
2528,2
2529,2
2530,2
2531,2
2532,2
2533,2
2534,2
2535,2
2536,2
2537,2
2538,2
2539,2
2540,2
2541,2
2542,2
2543,2
2544,2
2545,2
2546,2
2547,2
2548,2
2549,2
2550,2
2551,2
2552,2
2553,2
2554,2
2555,2
2556,2
2557,2
2558,2
2559,2
2560,2
2561,2
2562,2
2563,2
2564,2
2565,2
2566,2
2567,2
2568,2
2569,2
2570,2
2571,2
2572,2
2573,2
2574,2
2575,2
2576,2
2577,2
2578,2
2579,2
2580,2
2581,2
2582,2
2583,2
2584,2
2585,2
2586,2
2587,2
2588,2
2589,2
2590,2
2591,2
2592,2
2593,2
2594,2
2595,2
2596,2
2597,2
2598,2
2599,2
2600,2
2601,2
2602,2
2603,2
2604,2
2605,2
2606,2
2607,2
2608,2
2609,2
2610,2
2611,2
2612,2
2613,2
2614,2
2615,2
2616,2
2617,2
2618,2
2619,2
2620,2
2621,2
2622,2
2623,2
2624,2
2625,2
2626,2
2627,2
2628,2
2629,2
2630,2
2631,2
2632,2
2633,2
2634,2
2635,2
2636,2
2637,2
2638,2
2639,2
2640,2
2641,2
2642,2
2643,2
2644,2
2645,2
2646,2
2647,2
2648,2
2649,2
2650,2
2651,2
2652,2
2653,2
2654,2
2655,2
2656,2
2657,2
2658,2
2659,2
2660,2
2661,2
2662,2
2663,2
2664,2
2665,2
2666,2
2667,2
2668,2
2669,2
2670,2
2671,2
2672,2
2673,2
2674,2
2675,2
2676,2
2677,2
2678,2
2679,2
2680,2
2681,2
2682,2
2683,2
2684,2
2685,2
2686,2
2687,2
2688,2
2689,2
2690,2
2691,2
2692,2
2693,2
2694,2
2695,2
2696,2
2697,2
2698,2
2699,2
2700,2
2701,2
2702,2
2703,2
2704,2
2705,2
2706,2
2707,2
2708,2
2709,2
2710,2
2711,2
2712,2
2713,2
2714,2
2715,2
2716,2
2717,2
2718,2
2719,2
2720,2
2721,2
2722,2
2723,2
2724,2
2725,2
2726,2
2727,2
2728,2
2729,2
2730,2
2731,2
2732,2
2733,2
2734,2
2735,2
2736,2
2737,2
2738,2
2739,2
2740,2
2741,2
2742,2
2743,2
2744,2
2745,2
2746,2
2747,2
2748,2
2749,2
2750,2
2751,2
2752,2
2753,2
2754,2
2755,2
2756,2
2757,2
2758,2
2759,2
2760,2
2761,2
2762,2
2763,2
2764,2
2765,2
2766,2
2767,2
2768,2
2769,2
2770,2
2771,2
2772,2
2773,2
2774,2
2775,2
2776,2
2777,2
2778,2
2779,2
2780,2
2781,2
2782,2
2783,2
2784,2
2785,2
2786,2
2787,2
2788,2
2789,2
2790,2
2791,2
2792,2
2793,2
2794,2
2795,2
2796,2
2797,2
2798,2
2799,2
2800,2
2801,2
2802,2
2803,2
2804,2
2805,2
2806,2
2807,2
2808,2
2809,2
2810,2
2811,2
2812,2
2813,2
2814,2
2815,2
2816,2
2817,2
2818,2
2819,2
2820,2
2821,2
2822,2
2823,2
2824,2
2825,2
2826,2
2827,2
2828,2
2829,2
2830,2
2831,2
2832,2
2833,2
2834,2
2835,2
2836,2
2837,2
2838,2
2839,2
2840,2
2841,2
2842,2
2843,2
2844,2
2845,2
2846,2
2847,2
2848,2
2849,2
2850,2
2851,2
2852,2
2853,2
2854,2
2855,2
2856,2
2857,2
2858,2
2859,2
2860,2
2861,2
2862,2
2863,2
2864,2
2865,2
2866,2
2867,2
2868,2
2869,2
2870,2
2871,2
2872,2
2873,2
2874,2
2875,2
2876,2
2877,2
2878,2
2879,2
2880,2
2881,2
2882,2
2883,2
2884,2
2885,2
2886,2
2887,2
2888,2
2889,2
2890,2
2891,2
2892,2
2893,2
2894,2
2895,2
2896,2
2897,2
2898,2
2899,2
2900,2
2901,2
2902,2
2903,2
2904,2
2905,2
2906,2
2907,2
2908,2
2909,2
2910,2
2911,2
2912,2
2913,2
2914,2
2915,2
2916,2
2917,2
2918,2
2919,2
2920,2
2921,2
2922,2
2923,2
2924,2
2925,2
2926,2
2927,2
2928,2
2929,2
2930,2
2931,2
2932,2
2933,2
2934,2
2935,2
2936,2
2937,2
2938,2
2939,2
2940,2
2941,2
2942,2
2943,2
2944,2
2945,2
2946,2
2947,2
2948,2
2949,2
2950,2
2951,2
2952,2
2953,2
2954,2
2955,2
2956,2
2957,2
2958,2
2959,2
2960,2
2961,2
2962,2
2963,2
2964,2
2965,2
2966,2
2967,2
2968,2
2969,2
2970,2
2971,2
2972,2
2973,2
2974,2
2975,2
2976,2
2977,2
2978,2
2979,2
2980,2
2981,2
2982,2
2983,2
2984,2
2985,2
2986,2
2987,2
2988,2
2989,2
2990,2
2991,2
2992,2
2993,2
2994,2
2995,2
2996,2
2997,2
2998,2
2999,2
3000,2
3001,2
3002,2
3003,2
3004,2
3005,2
3006,2
3007,2
3008,2
3009,2
3010,2
3011,2
3012,2
3013,2
3014,2
3015,2
3016,2
3017,2
3018,2
3019,2
3020,2
3021,2
3022,2
3023,2
3024,2
3025,2
3026,2
3027,2
3028,2
3029,2
3030,2
3031,2
3032,2
3033,2
3034,2
3035,2
3036,2
3037,2
3038,2
3039,2
3040,2
3041,2
3042,2
3043,2
3044,2
3045,2
3046,2
3047,2
3048,2
3049,2
3050,2
3051,2
3052,2
3053,2
3054,2
3055,2
3056,2
3057,2
3058,2
3059,2
3060,2
3061,2
3062,2
3063,2
3064,2
3065,2
3066,2
3067,2
3068,2
3069,2
3070,2
3071,2
3072,2
3073,2
3074,2
3075,2
3076,2
3077,2
3078,2
3079,2
3080,2
3081,2
3082,2
3083,2
3084,2
3085,2
3086,2
3087,2
3088,2
3089,2
3090,2
3091,2
3092,2
3093,2
3094,2
3095,2
3096,2
3097,2
3098,2
3099,2
3100,2
3101,2
3102,2
3103,2
3104,2
3105,2
3106,2
3107,2
3108,2
3109,2
3110,2
3111,2
3112,2
3113,2
3114,2
3115,2
3116,2
3117,2
3118,2
3119,2
3120,2
3121,2
3122,2
3123,2
3124,2
3125,2
3126,2
3127,2
3128,2
3129,2
3130,2
3131,2
3132,2
3133,2
3134,2
3135,2
3136,2
3137,2
3138,2
3139,2
3140,2
3141,2
3142,2
3143,2
3144,2
3145,2
3146,2
3147,2
3148,2
3149,2
3150,2
3151,2
3152,2
3153,2
3154,2
3155,2
3156,2
3157,2
3158,2
3159,2
3160,2
3161,2
3162,2
3163,2
3164,2
3165,2
3166,2
3167,2
3168,2
3169,2
3170,2
3171,2
3172,2
3173,2
3174,2
3175,2
3176,2
3177,2
3178,2
3179,2
3180,2
3181,2
3182,2
3183,2
3184,2
3185,2
3186,2
3187,2
3188,2
3189,2
3190,2
3191,2
3192,2
3193,2
3194,2
3195,2
3196,2
3197,2
3198,2
3199,2
3200,2
3201,2
3202,2
3203,2
3204,2
3205,2
3206,2
3207,2
3208,2
3209,2
3210,2
3211,2
3212,2
3213,2
3214,2
3215,2
3216,2
3217,2
3218,2
3219,2
3220,2
3221,2
3222,2
3223,2
3224,2
3225,2
3226,2
3227,2
3228,2
3229,2
3230,2
3231,2
3232,2
3233,2
3234,2
3235,2
3236,2
3237,2
3238,2
3239,2
3240,2
3241,2
3242,2
3243,2
3244,2
3245,2
3246,2
3247,2
3248,2
3249,2
3250,2
3251,2
3252,2
3253,2
3254,2
3255,2
3256,2
3257,2
3258,2
3259,2
3260,2
3261,2
3262,2
3263,2
3264,2
3265,2
3266,2
3267,2
3268,2
3269,2
3270,2
3271,2
3272,2
3273,2
3274,2
3275,2
3276,2
3277,2
3278,2
3279,2
3280,2
3281,2
3282,2
3283,2
3284,2
3285,2
3286,2
3287,2
3288,2
3289,2
3290,2
3291,2
3292,2
3293,2
3294,2
3295,2
3296,2
3297,2
3298,2
3299,2
3300,2
3301,2
3302,2
3303,2
3304,2
3305,2
3306,2
3307,2
3308,2
3309,2
3310,2
3311,2
3312,2
3313,2
3314,2
3315,2
3316,2
3317,2
3318,2
3319,2
3320,2
3321,2
3322,2
3323,2
3324,2
3325,2
3326,2
3327,2
3328,2
3329,2
3330,2
3331,2
3332,2
3333,2
3334,2
3335,2
3336,2
3337,2
3338,2
3339,2
3340,2
3341,2
3342,2
3343,2
3344,2
3345,2
3346,2
3347,2
3348,2
3349,2
3350,2
3351,2
3352,2
3353,2
3354,2
3355,2
3356,2
3357,2
3358,2
3359,2
3360,2
3361,2
3362,2
3363,2
3364,2
3365,2
3366,2
3367,2
3368,2
3369,2
3370,2
3371,2
3372,2
3373,2
3374,2
3375,2
3376,2
3377,2
3378,2
3379,2
3380,2
3381,2
3382,2
3383,2
3384,2
3385,2
3386,2
3387,2
3388,2
3389,2
3390,2
3391,2
3392,2
3393,2
3394,2
3395,2
3396,2
3397,2
3398,2
3399,2
3400,2
3401,2
3402,2
3403,2
3404,2
3405,2
3406,2
3407,2
3408,2
3409,2
3410,2
3411,2
3412,2
3413,2
3414,2
3415,2
3416,2
3417,2
3418,2
3419,2
3420,2
3421,2
3422,2
3423,2
3424,2
3425,2
3426,2
3427,2
3428,2
3429,2
3430,2
3431,2
3432,2
3433,2
3434,2
3435,2
3436,2
3437,2
3438,2
3439,2
3440,2
3441,2
3442,2
3443,2
3444,2
3445,2
3446,2
3447,2
3448,2
3449,2
3450,2
3451,2
3452,2
3453,2
3454,2
3455,2
3456,2
3457,2
3458,2
3459,2
3460,2
3461,2
3462,2
3463,2
3464,2
3465,2
3466,2
3467,2
3468,2
3469,2
3470,2
3471,2
3472,2
3473,2
3474,2
3475,2
3476,2
3477,2
3478,2
3479,2
3480,2
3481,2
3482,2
3483,2
3484,2
3485,2
3486,2
3487,2
3488,2
3489,2
3490,2
3491,2
3492,2
3493,2
3494,2
3495,2
3496,2
3497,2
3498,2
3499,2
3500,2
3501,2
3502,2
3503,2
3504,2
3505,2
3506,2
3507,2
3508,2
3509,2
3510,2
3511,2
3512,2
3513,2
3514,2
3515,2
3516,2
3517,2
3518,2
3519,2
3520,2
3521,2
3522,2
3523,2
3524,2
3525,2
3526,2
3527,2
3528,2
3529,2
3530,2
3531,2
3532,2
3533,2
3534,2
3535,2
3536,2
3537,2
3538,2
3539,2
3540,2
3541,2
3542,2
3543,2
3544,2
3545,2
3546,2
3547,2
3548,2
3549,1
3550,1
3551,1
3552,1
3553,1
3554,1
3555,1
3556,1
3557,1
3558,1
3559,1
3560,1
3561,1
3562,1
3563,1
3564,1
3565,1
3566,1
3567,1
3568,1
3569,1
3570,1
3571,1
3572,1
3573,1
3574,1
3575,1
3576,1
3577,1
3578,1
3579,1
3580,1
3581,1
3582,1
3583,1
3584,1
3585,1
3586,1
3587,1
3588,1
3589,1
3590,1
3591,1
3592,1
3593,1
3594,1
3595,1
3596,1
3597,1
3598,1
3599,0
3600,1
3601,1
3602,1
3603,0
3604,1
3605,1
3606,1
3607,1
3608,1
3609,0
3610,0
3611,1
3612,1
3613,1
3614,1
3615,1
3616,1
3617,1
3618,1
3619,1
3620,1
3621,1
3622,1
3623,1
3624,1
3625,1
3626,0
3627,1
3628,0
3629,1
3630,1
3631,0
3632,0
3633,0
3634,1
3635,0
3636,1
3637,1
3638,1
3639,0
3640,0
3641,1
3642,0
3643,0
3644,1
3645,1
3646,1
3647,1
3648,1
3649,1
3650,1
3651,1
3652,1
3653,1
3654,1
3655,1
3656,1
3657,1
3658,1
3659,1
3660,1
3661,1
3662,1
3663,1
3664,1
3665,1
3666,1
3667,1
3668,1
3669,1
3670,1
3671,1
3672,1
3673,1
3674,1
3675,1
3676,1
3677,1
3678,1
3679,1
3680,1
3681,1
3682,1
3683,1
3684,1
3685,1
3686,1
3687,1
3688,1
3689,1
3690,1
3691,1
3692,1
3693,1
3694,1
3695,1
3696,1
3697,1
3698,0
3699,0
3700,1
3701,0
3702,0
3703,1
3704,1
3705,1
3706,0
3707,1
3708,1
3709,1
3710,1
3711,1
3712,1
3713,0
3714,1
3715,1
3716,1
3717,0
3718,0
3719,0
3720,0
3721,1
3722,1
3723,0
3724,1
3725,0
3726,1
3727,1
3728,0
3729,1
3730,1
3731,0
3732,1
3733,1
3734,0
3735,0
3736,0
3737,1
3738,1
3739,1
3740,1
3741,1
3742,1
3743,1
3744,0
3745,1
3746,0
3747,1
3748,0
3749,1
3750,1
3751,0
3752,0
3753,1
3754,0
3755,0
3756,1
3757,1
3758,0
3759,1
3760,1
3761,1
3762,0
3763,0
3764,1
3765,1
3766,1
3767,1
3768,1
3769,0
3770,0
3771,0
3772,0
3773,1
3774,0
3775,1
3776,0
3777,1
3778,1
3779,1
3780,1
3781,0
3782,0
3783,1
3784,1
3785,1
3786,1
3787,1
3788,1
3789,1
3790,0
3791,0
3792,1
3793,1
3794,1
3795,1
3796,1
3797,1
3798,1
3799,1
3800,1
3801,1
3802,1
3803,1
3804,1
3805,1
3806,1
3807,1
3808,1
3809,1
3810,1
3811,1
3812,1
3813,1
3814,1
3815,1
3816,1
3817,1
3818,1
3819,1
3820,1
3821,1
3822,1
3823,1
3824,1
3825,1
3826,1
3827,1
3828,1
3829,1
3830,1
3831,1
3832,1
3833,1
3834,1
3835,1
3836,1
3837,1
3838,1
3839,1
3840,1
3841,0
3842,1
3843,1
3844,1
3845,1
3846,1
3847,1
3848,1
3849,1
3850,1
3851,0
3852,0
3853,0
3854,1
3855,0
3856,1
3857,1
3858,1
3859,0
3860,1
3861,1
3862,0
3863,1
3864,0
3865,1
3866,0
3867,1
3868,0
3869,0
3870,1
3871,0
3872,0
3873,1
3874,0
3875,1
3876,1
3877,1
3878,0
3879,1
3880,0
3881,1
3882,1
3883,1
3884,1
3885,1
3886,1
3887,1
3888,1
3889,1
3890,1
3891,1
3892,1
3893,1
3894,1
3895,1
3896,1
3897,1
3898,1
3899,1
3900,1
3901,1
3902,1
3903,1
3904,1
3905,1
3906,1
3907,1
3908,1
3909,1
3910,1
3911,1
3912,1
3913,1
3914,1
3915,1
3916,1
3917,1
3918,1
3919,1
3920,1
3921,1
3922,1
3923,1
3924,1
3925,1
3926,0
3927,1
3928,0
3929,1
3930,1
3931,1
3932,1
3933,1
3934,1
3935,1
3936,1
3937,1
3938,1
3939,1
3940,0
3941,1
3942,1
3943,1
3944,0
3945,1
3946,1
3947,1
3948,1
3949,1
3950,0
3951,1
3952,1
3953,1
3954,1
3955,1
3956,1
3957,1
3958,1
3959,1
3960,1
3961,0
3962,1
3963,1
3964,0
3965,1
3966,1
3967,1
3968,1
3969,0
3970,0
3971,0
3972,0
3973,0
3974,0
3975,0
3976,0
3977,0
3978,1
3979,1
3980,1
3981,1
3982,1
3983,1
3984,1
3985,0
3986,1
3987,1
3988,0
3989,1
3990,0
3991,1
3992,1
3993,1
3994,1
3995,1
3996,1
3997,1
3998,0
3999,1
4000,0
4001,1
4002,1
4003,0
4004,1
4005,1
4006,1
4007,1
4008,1
4009,1
4010,0
4011,1
4012,0
4013,0
4014,1
4015,1
4016,1
4017,1
4018,1
4019,1
4020,1
4021,1
4022,1
4023,1
4024,1
4025,1
4026,1
4027,1
4028,1
4029,1
4030,0
4031,1
4032,1
4033,1
4034,1
4035,1
4036,1
4037,1
4038,1
4039,1
4040,1
4041,1
4042,1
4043,0
4044,0
4045,0
4046,1
4047,1
4048,1
4049,1
4050,1
4051,1
4052,1
4053,1
4054,1
4055,1
4056,0
4057,1
4058,1
4059,1
4060,1
4061,1
4062,1
4063,1
4064,1
4065,1
4066,1
4067,0
4068,1
4069,1
4070,0
4071,1
4072,1
4073,1
4074,1
4075,1
4076,1
4077,1
4078,1
4079,1
4080,1
4081,0
4082,1
4083,1
4084,1
4085,1
4086,1
4087,1
4088,1
4089,0
4090,0
4091,1
4092,1
4093,1
4094,1
4095,1
4096,1
4097,1
4098,1
4099,0
4100,0
4101,1
4102,0
4103,0
4104,1
4105,1
4106,1
4107,1
4108,1
4109,1
4110,1
4111,1
4112,1
4113,1
4114,0
4115,1
4116,1
4117,0
4118,1
4119,1
4120,1
4121,1
4122,1
4123,0
4124,1
4125,1
4126,1
4127,1
4128,1
4129,0
4130,0
4131,1
4132,1
4133,1
4134,1
4135,1
4136,1
4137,1
4138,0
4139,1
4140,1
4141,0
4142,0
4143,1
4144,1
4145,1
4146,1
4147,1
4148,1
4149,1
4150,1
4151,1
4152,0
4153,1
4154,1
4155,1
4156,1
4157,1
4158,1
4159,1
4160,1
4161,1
4162,0
4163,1
4164,1
4165,1
4166,1
4167,1
4168,1
4169,1
4170,1
4171,1
4172,1
4173,1
4174,1
4175,1
4176,1
4177,1
4178,1
4179,0
4180,0
4181,0
4182,1
4183,1
4184,0
4185,1
4186,1
4187,1
4188,0
4189,1
4190,0
4191,1
4192,1
4193,1
4194,1
4195,1
4196,1
4197,1
4198,1
4199,1
4200,1
4201,1
4202,0
4203,1
4204,1
4205,0
4206,1
4207,1
4208,0
4209,0
4210,0
4211,0
4212,0
4213,1
4214,1
4215,0
4216,0
4217,1
4218,1
4219,1
4220,1
4221,1
4222,1
4223,1
4224,1
4225,1
4226,1
4227,1
4228,0
4229,1
4230,0
4231,1
4232,1
4233,1
4234,1
4235,1
4236,0
4237,0
4238,1
4239,0
4240,0
4241,1
4242,1
4243,1
4244,1
4245,1
4246,1
4247,1
4248,0
4249,0
4250,1
4251,1
4252,0
4253,0
4254,1
4255,1
4256,0
4257,0
4258,0
4259,0
4260,0
4261,0
4262,1
4263,1
4264,1
4265,1
4266,1
4267,1
4268,1
4269,1
4270,1
4271,1
4272,1
4273,1
4274,1
4275,1
4276,1
4277,1
4278,1
4279,1
4280,0
4281,1
4282,1
4283,0
4284,0
4285,0
4286,0
4287,1
4288,1
4289,1
4290,1
4291,1
4292,0
4293,0
4294,1
4295,1
4296,1
4297,1
4298,1
4299,0
4300,1
4301,1
4302,0
4303,0
4304,1
4305,0
4306,0
4307,0
4308,0
4309,1
4310,1
4311,0
4312,0
4313,0
4314,0
4315,1
4316,0
4317,1
4318,0
4319,0
4320,0
4321,0
4322,1
4323,0
4324,0
4325,0
4326,0
4327,0
4328,0
4329,1
4330,0
4331,1
4332,1
4333,1
4334,0
4335,0
4336,0
4337,0
4338,0
4339,0
4340,0
4341,0
4342,0
4343,0
4344,0
4345,0
4346,1
4347,0
4348,0
4349,1
4350,0
4351,1
4352,0
4353,0
4354,0
4355,0
4356,0
4357,1
4358,1
4359,0
4360,1
4361,0
4362,1
4363,0
4364,0
4365,0
4366,0
4367,0
4368,0
4369,1
4370,0
4371,0
4372,0
4373,0
4374,0
4375,0
4376,0
4377,1
4378,0
4379,1
4380,0
4381,0
4382,0
4383,1
4384,0
4385,1
4386,1
4387,1
4388,0
4389,0
4390,0
4391,1
4392,0
4393,0
4394,1
4395,1
4396,1
4397,1
4398,0
4399,1
4400,0
4401,1
4402,0
4403,1
4404,0
4405,1
4406,1
4407,1
4408,1
4409,0
4410,0
4411,1
4412,1
4413,0
4414,0
4415,0
4416,0
4417,1
4418,1
4419,1
4420,0
4421,1
4422,1
4423,1
4424,1
4425,0
4426,0
4427,0
4428,1
4429,1
4430,0
4431,0
4432,0
4433,0
4434,1
4435,1
4436,1
4437,1
4438,1
4439,1
4440,1
4441,1
4442,1
4443,1
4444,1
4445,1
4446,0
4447,0
4448,0
4449,0
4450,0
4451,0
4452,0
4453,0
4454,0
4455,0
4456,1
4457,1
4458,1
4459,1
4460,1
4461,1
4462,0
4463,1
4464,1
4465,0
4466,0
4467,0
4468,1
4469,1
4470,0
4471,1
4472,1
4473,1
4474,0
4475,0
4476,1
4477,1
4478,1
4479,1
4480,1
4481,0
4482,1
4483,1
4484,1
4485,1
4486,1
4487,1
4488,1
4489,1
4490,1
4491,1
4492,1
4493,0
4494,0
4495,0
4496,0
4497,0
4498,0
4499,1
4500,1
4501,0
4502,0
4503,1
4504,1
4505,1
4506,1
4507,1
4508,1
4509,1
4510,1
4511,1
4512,1
4513,1
4514,1
4515,1
4516,1
4517,1
4518,1
4519,0
4520,1
4521,1
4522,1
4523,1
4524,1
4525,1
4526,1
4527,1
4528,1
4529,0
4530,0
4531,1
4532,1
4533,1
4534,1
4535,1
4536,1
4537,0
4538,0
4539,0
4540,0
4541,1
4542,1
4543,1
4544,1
4545,1
4546,1
4547,0
4548,1
4549,1
4550,1
4551,1
4552,1
4553,1
4554,1
4555,1
4556,0
4557,1
4558,0
4559,1
4560,1
4561,1
4562,1
4563,1
4564,1
4565,1
4566,0
4567,0
4568,0
4569,0
4570,1
4571,1
4572,1
4573,1
4574,1
4575,1
4576,1
4577,1
4578,1
4579,1
4580,1
4581,1
4582,1
4583,1
4584,1
4585,1
4586,1
4587,1
4588,1
4589,1
4590,1
4591,1
4592,1
4593,1
4594,1
4595,1
4596,1
4597,1
4598,1
4599,1
4600,1
4601,1
4602,1
4603,1
4604,1
4605,1
4606,1
4607,1
4608,1
4609,1
4610,1
4611,1
4612,1
4613,1
4614,1
4615,1
4616,1
4617,1
4618,1
4619,1
4620,1
4621,1
4622,1
4623,1
4624,1
4625,1
4626,1
4627,1
4628,1
4629,1
4630,1
4631,1
4632,1
4633,1
4634,1
4635,1
4636,1
4637,1
4638,1
4639,1
4640,1
4641,1
4642,1
4643,1
4644,1
4645,1
4646,1
4647,1
4648,1
4649,1
4650,1
4651,1
4652,1
4653,1
4654,1
4655,1
4656,1
4657,1
4658,1
4659,1
4660,1
4661,1
4662,1
4663,1
4664,0
4665,1
4666,1
4667,0
4668,1
4669,0
4670,1
4671,1
4672,1
4673,1
4674,0
4675,1
4676,1
4677,1
4678,0
4679,0
4680,1
4681,0
4682,0
4683,1
4684,1
4685,0
4686,1
4687,1
4688,1
4689,1
4690,0
4691,0
4692,0
4693,0
4694,0
4695,0
4696,0
4697,1
4698,1
4699,1
4700,0
4701,0
4702,0
4703,1
4704,1
4705,1
4706,1
4707,1
4708,1
4709,1
4710,0
4711,1
4712,0
4713,1
4714,1
4715,1
4716,1
4717,1
4718,0
4719,1
4720,1
4721,1
4722,1
4723,0
4724,1
4725,0
4726,0
4727,1
4728,0
4729,1
4730,1
4731,1
4732,0
4733,1
4734,0
4735,1
4736,1
4737,1
4738,1
4739,1
4740,0
4741,1
4742,1
4743,1
4744,1
4745,1
4746,0
4747,1
4748,0
4749,1
4750,1
4751,1
4752,1
4753,1
4754,1
4755,0
4756,1
4757,1
4758,1
4759,1
4760,1
4761,1
4762,0
4763,1
4764,1
4765,1
4766,1
4767,1
4768,1
4769,1
4770,0
4771,1
4772,1
4773,1
4774,1
4775,1
4776,0
4777,1
4778,1
4779,0
4780,1
4781,1
4782,0
4783,1
4784,1
4785,1
4786,1
4787,1
4788,1
4789,1
4790,1
4791,0
4792,1
4793,1
4794,1
4795,1
4796,1
4797,1
4798,1
4799,1
4800,0
4801,1
4802,1
4803,1
4804,1
4805,1
4806,1
4807,0
4808,1
4809,1
4810,1
4811,1
4812,0
4813,1
4814,1
4815,1
4816,1
4817,1
4818,0
4819,1
4820,1
4821,0
4822,1
4823,1
4824,1
4825,1
4826,0
4827,1
4828,1
4829,1
4830,1
4831,1
4832,0
4833,1
4834,1
4835,1
4836,0
4837,1
4838,1
4839,1
4840,1
4841,0
4842,1
4843,1
4844,1
4845,1
4846,1
4847,1
4848,1
4849,1
4850,1
4851,1
4852,1
4853,1
4854,1
4855,1
4856,1
4857,1
4858,1
4859,1
4860,1
4861,1
4862,1
4863,1
4864,1
4865,1
4866,1
4867,1
4868,1
4869,1
4870,1
4871,1
4872,1
4873,1
4874,1
4875,1
4876,1
4877,1
4878,1
4879,1
4880,1
4881,1
4882,1
4883,1
4884,1
4885,1
4886,1
4887,1
4888,1
4889,1
4890,1
4891,1
4892,1
4893,1
4894,1
4895,1
4896,1
4897,1
4898,1
4899,1
4900,1
4901,1
4902,1
4903,1
4904,1
4905,1
4906,1
4907,1
4908,1
4909,1
4910,1
4911,1
4912,1
4913,1
4914,1
4915,1
4916,1
4917,1
4918,1
4919,1
4920,1
4921,1
4922,1
4923,1
4924,1
4925,1
4926,1
4927,1
4928,1
4929,1
4930,1
4931,1
4932,1
4933,1
4934,1
4935,1
4936,1
4937,1
4938,1
4939,0
4940,1
4941,1
4942,1
4943,1
4944,1
4945,1
4946,1
4947,1
4948,1
4949,1
4950,1
4951,1
4952,1
4953,1
4954,1
4955,1
4956,1
4957,1
4958,1
4959,1
4960,1
4961,1
4962,1
4963,1
4964,1
4965,1
4966,0
4967,1
4968,0
4969,1
4970,1
4971,0
4972,0
4973,1
4974,1
4975,1
4976,1
4977,1
4978,0
4979,1
4980,1
4981,0
4982,0
4983,0
4984,0
4985,0
4986,0
4987,0
4988,0
4989,0
4990,1
4991,1
4992,0
4993,1
4994,0
4995,1
4996,0
4997,1
4998,1
4999,0
5000,1
5001,0
5002,0
5003,1
5004,0
5005,0
5006,0
5007,0
5008,0
5009,0
5010,0
5011,1
5012,1
5013,1
5014,0
5015,1
5016,1
5017,1
5018,1
5019,1
5020,1
5021,1
5022,1
5023,1
5024,1
5025,1
5026,1
5027,1
5028,1
5029,0
5030,1
5031,1
5032,0
5033,1
5034,1
5035,1
5036,1
5037,1
5038,0
5039,0
5040,1
5041,1
5042,1
5043,1
5044,1
5045,1
5046,1
5047,0
5048,1
5049,1
5050,1
5051,1
5052,1
5053,1
5054,1
5055,1
5056,1
5057,1
5058,1
5059,1
5060,1
5061,1
5062,1
5063,1
5064,1
5065,1
5066,1
5067,1
5068,1
5069,1
5070,1
5071,1
5072,1
5073,1
5074,1
5075,1
5076,1
5077,1
5078,1
5079,1
5080,1
5081,1
5082,1
5083,1
5084,1
5085,0
5086,1
5087,1
5088,1
5089,1
5090,1
5091,1
5092,1
5093,1
5094,1
5095,1
5096,0
5097,1
5098,1
5099,1
5100,1
5101,1
5102,1
5103,1
5104,1
5105,1
5106,1
5107,1
5108,1
5109,1
5110,1
5111,1
5112,1
5113,1
5114,1
5115,1
5116,1
5117,1
5118,1
5119,1
5120,1
5121,1
5122,1
5123,1
5124,1
5125,1
5126,1
5127,1
5128,1
5129,1
5130,1
5131,1
5132,1
5133,1
5134,1
5135,1
5136,1
5137,1
5138,1
5139,1
5140,1
5141,0
5142,1
5143,1
5144,1
5145,1
5146,1
5147,1
5148,1
5149,1
5150,1
5151,1
5152,1
5153,1
5154,0
5155,1
5156,0
5157,1
5158,0
5159,1
5160,1
5161,0
5162,1
5163,0
5164,0
5165,1
5166,1
5167,1
5168,1
5169,0
5170,1
5171,1
5172,0
5173,0
5174,1
5175,1
5176,1
5177,0
5178,0
5179,1
5180,0
5181,0
5182,1
5183,0
5184,1
5185,1
5186,1
5187,1
5188,1
5189,1
5190,1
5191,1
5192,0
5193,1
5194,0
5195,0
5196,1
5197,1
5198,1
5199,1
5200,0
5201,0
5202,0
5203,1
5204,1
5205,1
5206,0
5207,0
5208,1
5209,1
5210,1
5211,0
5212,0
5213,0
5214,0
5215,0
5216,1
5217,0
5218,1
5219,0
5220,0
5221,0
5222,0
5223,0
5224,1
5225,1
5226,1
5227,1
5228,1
5229,1
5230,1
5231,1
5232,1
5233,1
5234,0
5235,0
5236,0
5237,0
5238,1
5239,1
5240,1
5241,1
5242,1
5243,1
5244,0
5245,0
5246,0
5247,1
5248,0
5249,0
5250,1
5251,0
5252,0
5253,0
5254,0
5255,0
5256,0
5257,0
5258,1
5259,1
5260,0
5261,0
5262,1
5263,1
5264,0
5265,0
5266,0
5267,0
5268,0
5269,1
5270,0
5271,0
5272,0
5273,0
5274,0
5275,0
5276,0
5277,0
5278,0
5279,0
5280,0
5281,0
5282,0
5283,1
5284,1
5285,1
5286,1
5287,1
5288,1
5289,1
5290,1
5291,1
5292,1
5293,1
5294,1
5295,1
5296,1
5297,1
5298,1
5299,1
5300,1
5301,1
5302,1
5303,1
5304,1
5305,1
5306,1
5307,0
5308,1
5309,1
5310,0
5311,1
5312,0
5313,0
5314,1
5315,1
5316,1
5317,1
5318,1
5319,1
5320,1
5321,1
5322,0
5323,0
5324,0
5325,0
5326,0
5327,0
5328,0
5329,0
5330,0
5331,0
5332,0
5333,1
5334,1
5335,0
5336,1
5337,1
5338,1
5339,0
5340,1
5341,0
5342,1
5343,1
5344,1
5345,0
5346,1
5347,0
5348,1
5349,0
5350,1
5351,0
5352,1
5353,1
5354,1
5355,1
5356,1
5357,0
5358,0
5359,1
5360,1
5361,1
5362,1
5363,1
5364,0
5365,1
5366,1
5367,0
5368,1
5369,0
5370,0
5371,0
5372,0
5373,0
5374,1
5375,0
5376,0
5377,1
5378,0
5379,0
5380,1
5381,1
5382,0
5383,0
5384,1
5385,0
5386,0
5387,0
5388,0
5389,0
5390,0
5391,1
5392,1
5393,0
5394,1
5395,1
5396,1
5397,0
5398,1
5399,1
5400,0
5401,0
5402,1
5403,1
5404,0
5405,1
5406,1
5407,1
5408,1
5409,0
5410,1
5411,1
5412,0
5413,1
5414,1
5415,1
5416,1
5417,1
5418,1
5419,0
5420,0
5421,1
5422,1
5423,1
5424,0
5425,1
5426,0
5427,1
5428,0
5429,0
5430,0
5431,0
5432,0
5433,1
5434,0
5435,0
5436,0
5437,0
5438,1
5439,1
5440,1
5441,0
5442,0
5443,0
5444,0
5445,0
5446,1
5447,1
5448,1
5449,0
5450,0
5451,1
5452,0
5453,0
5454,0
5455,0
5456,1
5457,1
5458,0
5459,1
5460,0
5461,1
5462,1
5463,1
5464,0
5465,1
5466,1
5467,1
5468,0
5469,1
5470,1
5471,1
5472,1
5473,0
5474,1
5475,0
5476,0
5477,1
5478,1
5479,1
5480,1
5481,1
5482,1
5483,1
5484,0
5485,0
5486,1
5487,0
5488,1
5489,1
5490,1
5491,1
5492,1
5493,1
5494,1
5495,1
5496,1
5497,1
5498,1
5499,1
5500,0
5501,1
5502,1
5503,0
5504,1
5505,0
5506,1
5507,1
5508,0
5509,0
5510,1
5511,1
5512,1
5513,1
5514,1
5515,1
5516,1
5517,0
5518,0
5519,1
5520,0
5521,0
5522,1
5523,0
5524,1
5525,0
5526,0
5527,1
5528,0
5529,0
5530,0
5531,0
5532,1
5533,0
5534,1
5535,0
5536,1
5537,0
5538,1
5539,0
5540,0
5541,1
5542,1
5543,1
5544,0
5545,1
5546,1
5547,1
5548,1
5549,1
5550,1
5551,1
5552,1
5553,1
5554,0
5555,1
5556,1
5557,0
5558,0
5559,1
5560,1
5561,1
5562,1
5563,1
5564,1
5565,0
5566,1
5567,0
5568,0
5569,1
5570,0
5571,0
5572,1
5573,1
5574,1
5575,0
5576,1
5577,1
5578,1
5579,1
5580,1
5581,1
5582,1
5583,1
5584,0
5585,0
5586,0
5587,0
5588,0
5589,1
5590,0
5591,1
5592,1
5593,1
5594,1
5595,1
5596,1
5597,1
5598,1
5599,1
5600,0
5601,1
5602,1
5603,1
5604,1
5605,1
5606,0
5607,0
5608,0
5609,1
5610,1
5611,1
5612,1
5613,1
5614,0
5615,0
5616,0
5617,0
5618,0
5619,0
5620,0
5621,1
5622,1
5623,1
5624,1
5625,1
5626,1
5627,0
5628,0
5629,1
5630,1
5631,1
5632,1
5633,1
5634,1
5635,1
5636,1
5637,1
5638,1
5639,1
5640,1
5641,1
5642,1
5643,1
5644,1
5645,1
5646,1
5647,1
5648,1
5649,1
5650,1
5651,1
5652,1
5653,1
5654,1
5655,1
5656,0
5657,1
5658,1
5659,1
5660,0
5661,1
5662,1
5663,1
5664,1
5665,1
5666,1
5667,1
5668,1
5669,1
5670,1
5671,0
5672,0
5673,0
5674,0
5675,1
5676,1
5677,1
5678,1
5679,1
5680,0
5681,0
5682,1
5683,1
5684,1
5685,1
5686,1
5687,1
5688,1
5689,1
5690,0
5691,1
5692,0
5693,1
5694,0
5695,1
5696,0
5697,0
5698,0
5699,1
5700,0
5701,0
5702,0
5703,1
5704,0
5705,1
5706,1
5707,1
5708,1
5709,0
5710,0
5711,0
5712,0
5713,1
5714,0
5715,0
5716,0
5717,0
5718,1
5719,0
5720,0
5721,1
5722,1
5723,1
5724,1
5725,1
5726,1
5727,1
5728,1
5729,1
5730,1
5731,1
5732,1
5733,1
5734,1
5735,1
5736,1
5737,1
5738,1
5739,1
5740,1
5741,1
5742,1
5743,1
5744,1
5745,1
5746,1
5747,1
5748,1
5749,1
5750,1
5751,1
5752,1
5753,1
5754,1
5755,1
5756,1
5757,1
5758,1
5759,1
5760,1
5761,1
5762,1
5763,1
5764,1
5765,0
5766,1
5767,0
5768,0
5769,0
5770,0
5771,1
5772,1
5773,0
5774,1
5775,0
5776,1
5777,0
5778,0
5779,0
5780,0
5781,0
5782,0
5783,1
5784,1
5785,1
5786,1
5787,0
5788,0
5789,0
5790,0
5791,1
5792,1
5793,0
5794,1
5795,1
5796,1
5797,1
5798,1
5799,1
5800,1
5801,1
5802,1
5803,1
5804,1
5805,1
5806,1
5807,1
5808,1
5809,1
5810,1
5811,1
5812,1
5813,1
5814,1
5815,1
5816,1
5817,1
5818,1
5819,1
5820,1
5821,1
5822,1
5823,1
5824,1
5825,1
5826,1
5827,1
5828,1
5829,1
5830,1
5831,1
5832,0
5833,1
5834,1
5835,1
5836,0
5837,1
5838,1
5839,1
5840,1
5841,1
5842,1
5843,0
5844,1
5845,1
5846,1
5847,0
5848,1
5849,1
5850,1
5851,1
5852,1
5853,0
5854,1
5855,1
5856,1
5857,1
5858,1
5859,1
5860,1
5861,1
5862,1
5863,1
5864,1
5865,1
5866,1
5867,1
5868,1
5869,1
5870,1
5871,1
5872,1
5873,1
5874,1
5875,1
5876,1
5877,1
5878,1
5879,1
5880,1
5881,1
5882,1
5883,1
5884,1
5885,1
5886,1
5887,1
5888,1
5889,1
5890,1
5891,0
5892,0
5893,1
5894,0
5895,1
5896,1
5897,1
5898,0
5899,1
5900,1
5901,1
5902,1
5903,1
5904,1
5905,1
5906,1
5907,1
5908,1
5909,1
5910,1
5911,1
5912,0
5913,0
5914,0
5915,0
5916,0
5917,0
5918,0
5919,0
5920,1
5921,1
5922,0
5923,1
5924,1
5925,0
5926,0
5927,1
5928,0
5929,0
5930,1
5931,0
5932,0
5933,1
5934,1
5935,0
5936,0
5937,1
5938,0
5939,1
5940,0
5941,0
5942,0
5943,0
5944,0
5945,0
5946,1
5947,0
5948,0
5949,0
5950,1
5951,1
5952,0
5953,0
5954,0
5955,1
5956,0
5957,0
5958,0
5959,1
5960,0
5961,0
5962,0
5963,0
5964,1
5965,1
5966,1
5967,1
5968,0
5969,0
5970,1
5971,0
5972,1
5973,1
5974,0
5975,0
5976,0
5977,1
5978,0
5979,0
5980,0
5981,0
5982,0
5983,0
5984,0
5985,0
5986,0
5987,1
5988,0
5989,1
5990,1
5991,1
5992,1
5993,1
5994,1
5995,1
5996,1
5997,1
5998,1
5999,1
6000,1
6001,1
6002,1
6003,1
6004,0
6005,0
6006,1
6007,1
6008,1
6009,1
6010,1
6011,1
6012,1
6013,1
6014,1
6015,1
6016,1
6017,1
6018,1
6019,1
6020,1
6021,1
6022,1
6023,1
6024,1
6025,1
6026,1
6027,1
6028,0
6029,1
6030,1
6031,1
6032,1
6033,1
6034,0
6035,1
6036,1
6037,1
6038,1
6039,1
6040,1
6041,1
6042,0
6043,1
6044,1
6045,1
6046,1
6047,1
6048,1
6049,1
6050,1
6051,1
6052,1
6053,0
6054,1
6055,1
6056,1
6057,1
6058,1
6059,0
6060,1
6061,1
6062,1
6063,1
6064,1
6065,1
6066,1
6067,1
6068,1
6069,1
6070,1
6071,1
6072,1
6073,0
6074,1
6075,1
6076,1
6077,1
6078,0
6079,1
6080,1
6081,1
6082,1
6083,1
6084,1
6085,1
6086,1
6087,0
6088,1
6089,1
6090,1
6091,0
6092,1
6093,1
6094,0
6095,0
6096,1
6097,1
6098,1
6099,1
6100,1
6101,1
6102,0
6103,1
6104,1
6105,1
6106,0
6107,0
6108,1
6109,1
6110,1
6111,1
6112,1
6113,0
6114,0
6115,1
6116,1
6117,0
6118,0
6119,1
6120,0
6121,0
6122,0
6123,1
6124,1
6125,0
6126,1
6127,1
6128,1
6129,0
6130,1
6131,1
6132,1
6133,0
6134,1
6135,0
6136,1
6137,1
6138,1
6139,1
6140,0
6141,1
6142,1
6143,1
6144,0
6145,1
6146,1
6147,1
6148,1
6149,1
6150,1
6151,1
6152,1
6153,1
6154,1
6155,1
6156,0
6157,1
6158,1
6159,1
6160,1
6161,0
6162,1
6163,1
6164,1
6165,1
6166,1
6167,0
6168,1
6169,1
6170,1
6171,1
6172,0
6173,0
6174,1
6175,1
6176,1
6177,1
6178,1
6179,1
6180,1
6181,1
6182,1
6183,0
6184,1
6185,0
6186,1
6187,1
6188,1
6189,1
6190,1
6191,1
6192,1
6193,1
6194,1
6195,1
6196,1
6197,1
6198,1
6199,1
6200,1
6201,1
6202,1
6203,1
6204,1
6205,1
6206,1
6207,1
6208,1
6209,1
6210,1
6211,1
6212,1
6213,1
6214,1
6215,1
6216,1
6217,1
6218,1
6219,1
6220,1
6221,1
6222,1
6223,1
6224,0
6225,1
6226,1
6227,1
6228,1
6229,1
6230,1
6231,1
6232,1
6233,1
6234,1
6235,1
6236,1
6237,1
6238,1
6239,1
6240,1
6241,1
6242,1
6243,1
6244,1
6245,1
6246,1
6247,1
6248,0
6249,1
6250,1
6251,1
6252,1
6253,1
6254,1
6255,0
6256,0
6257,0
6258,0
6259,0
6260,0
6261,1
6262,1
6263,0
6264,1
6265,0
6266,1
6267,1
6268,1
6269,1
6270,1
6271,1
6272,1
6273,1
6274,1
6275,1
6276,1
6277,1
6278,1
6279,1
6280,1
6281,1
6282,1
6283,1
6284,1
6285,0
6286,1
6287,1
6288,1
6289,1
6290,1
6291,1
6292,0
6293,1
6294,1
6295,1
6296,1
6297,1
6298,1
6299,1
6300,1
6301,1
6302,1
6303,1
6304,1
6305,1
6306,1
6307,1
6308,1
6309,1
6310,1
6311,1
6312,1
6313,1
6314,1
6315,1
6316,1
6317,1
6318,0
6319,1
6320,1
6321,1
6322,1
6323,1
6324,1
6325,1
6326,1
6327,1
6328,1
6329,1
6330,1
6331,1
6332,1
6333,1
6334,1
6335,1
6336,1
6337,1
6338,1
6339,0
6340,1
6341,1
6342,1
6343,1
6344,1
6345,0
6346,1
6347,1
6348,1
6349,1
6350,1
6351,0
6352,1
6353,1
6354,1
6355,1
6356,1
6357,1
6358,1
6359,1
6360,1
6361,0
6362,0
6363,1
6364,1
6365,1
6366,1
6367,1
6368,0
6369,0
6370,1
6371,0
6372,1
6373,1
6374,1
6375,1
6376,1
6377,1
6378,1
6379,1
6380,1
6381,0
6382,1
6383,0
6384,1
6385,1
6386,1
6387,1
6388,1
6389,1
6390,1
6391,1
6392,1
6393,1
6394,0
6395,1
6396,1
6397,1
6398,1
6399,1
6400,1
6401,1
6402,1
6403,1
6404,1
6405,1
6406,1
6407,1
6408,1
6409,1
6410,1
6411,1
6412,1
6413,1
6414,0
6415,1
6416,1
6417,0
6418,1
6419,1
6420,1
6421,1
6422,1
6423,0
6424,0
6425,1
6426,0
6427,0
6428,1
6429,1
6430,1
6431,0
6432,0
6433,1
6434,1
6435,0
6436,0
6437,0
6438,0
6439,0
6440,0
6441,0
6442,0
6443,0
6444,0
6445,0
6446,1
6447,1
6448,0
6449,0
6450,1
6451,1
6452,0
6453,0
6454,1
6455,1
6456,1
6457,1
6458,1
6459,1
6460,1
6461,1
6462,0
6463,1
6464,1
6465,1
6466,0
6467,1
6468,0
6469,1
6470,1
6471,1
6472,1
6473,1
6474,1
6475,1
6476,1
6477,1
6478,1
6479,1
6480,1
6481,1
6482,1
6483,1
6484,1
6485,1
6486,1
6487,1
6488,1
6489,1
6490,1
6491,1
6492,1
6493,0
6494,1
6495,1
6496,1
6497,1
6498,1
6499,1
6500,1
6501,1
6502,1
6503,1
6504,1
6505,1
6506,1
6507,1
6508,1
6509,1
6510,1
6511,1
6512,1
6513,1
6514,1
6515,1
6516,1
6517,1
6518,1
6519,1
6520,1
6521,1
6522,1
6523,0
6524,1
6525,0
6526,1
6527,1
6528,1
6529,1
6530,1
6531,1
6532,1
6533,0
6534,1
6535,1
6536,1
6537,1
6538,1
6539,1
6540,1
6541,1
6542,0
6543,1
6544,1
6545,1
6546,1
6547,1
6548,1
6549,1
6550,1
6551,1
6552,1
6553,1
6554,1
6555,1
6556,1
6557,1
6558,1
6559,1
6560,1
6561,1
6562,1
6563,1
6564,1
6565,1
6566,1
6567,1
6568,1
6569,1
6570,1
6571,1
6572,1
6573,1
6574,1
6575,1
6576,1
6577,1
6578,1
6579,0
6580,1
6581,1
6582,1
6583,1
6584,1
6585,1
6586,1
6587,1
6588,1
6589,1
6590,1
6591,1
6592,0
6593,1
6594,1
6595,1
6596,1
6597,1
6598,1
6599,1
6600,1
6601,1
6602,1
6603,1
6604,1
6605,1
6606,1
6607,1
6608,1
6609,1
6610,1
6611,1
6612,1
6613,1
6614,1
6615,1
6616,1
6617,1
6618,1
6619,1
6620,1
6621,1
6622,1
6623,1
6624,1
6625,1
6626,1
6627,1
6628,1
6629,1
6630,1
6631,1
6632,1
6633,1
6634,1
6635,1
6636,1
6637,0
6638,1
6639,1
6640,1
6641,1
6642,1
6643,1
6644,1
6645,1
6646,1
6647,1
6648,1
6649,1
6650,1
6651,1
6652,1
6653,1
6654,1
6655,1
6656,1
6657,1
6658,1
6659,1
6660,1
6661,0
6662,1
6663,1
6664,1
6665,1
6666,1
6667,1
6668,0
6669,0
6670,0
6671,1
6672,1
6673,0
6674,0
6675,0
6676,1
6677,1
6678,1
6679,1
6680,1
6681,1
6682,0
6683,1
6684,1
6685,1
6686,1
6687,1
6688,1
6689,1
6690,1
6691,1
6692,1
6693,1
6694,1
6695,1
6696,1
6697,1
6698,1
6699,1
6700,1
6701,1
6702,1
6703,1
6704,1
6705,1
6706,1
6707,1
6708,1
6709,1
6710,1
6711,1
6712,1
6713,1
6714,1
6715,1
6716,1
6717,1
6718,1
6719,1
6720,1
6721,1
6722,1
6723,1
6724,1
6725,1
6726,1
6727,1
6728,1
6729,1
6730,1
6731,1
6732,1
6733,1
6734,1
6735,1
6736,1
6737,1
6738,1
6739,1
6740,1
6741,1
6742,1
6743,1
6744,1
6745,1
6746,1
6747,1
6748,1
6749,1
6750,1
6751,1
6752,1
6753,1
6754,1
6755,1
6756,1
6757,1
6758,1
6759,1
6760,1
6761,1
6762,1
6763,1
6764,1
6765,0
6766,1
6767,1
6768,1
6769,1
6770,1
6771,1
6772,1
6773,1
6774,1
6775,1
6776,1
6777,1
6778,1
6779,1
6780,1
6781,0
6782,1
6783,1
6784,1
6785,1
6786,1
6787,1
6788,1
6789,1
6790,1
6791,1
6792,1
6793,1
6794,1
6795,1
6796,1
6797,1
6798,1
6799,1
6800,1
6801,1
6802,1
6803,1
6804,1
6805,1
6806,1
6807,1
6808,1
6809,1
6810,1
6811,1
6812,1
6813,0
6814,1
6815,0
6816,1
6817,1
6818,1
6819,1
6820,1
6821,1
6822,1
6823,1
6824,1
6825,1
6826,1
6827,1
6828,1
6829,0
6830,1
6831,1
6832,1
6833,1
6834,1
6835,1
6836,1
6837,1
6838,1
6839,1
6840,1
6841,1
6842,1
6843,0
6844,1
6845,1
6846,1
6847,1
6848,1
6849,1
6850,1
6851,1
6852,1
6853,1
6854,1
6855,1
6856,1
6857,1
6858,1
6859,1
6860,1
6861,1
6862,1
6863,1
6864,1
6865,1
6866,1
6867,1
6868,1
6869,1
6870,1
6871,1
6872,1
6873,1
6874,1
6875,1
6876,1
6877,1
6878,1
6879,1
6880,1
6881,1
6882,1
6883,1
6884,1
6885,1
6886,1
6887,1
6888,1
6889,1
6890,1
6891,1
6892,1
6893,1
6894,1
6895,1
6896,1
6897,1
6898,1
6899,1
6900,1
6901,1
6902,1
6903,1
6904,0
6905,1
6906,1
6907,1
6908,1
6909,1
6910,0
6911,1
6912,1
6913,1
6914,1
6915,1
6916,1
6917,1
6918,1
6919,1
6920,1
6921,1
6922,1
6923,1
6924,1
6925,1
6926,1
6927,1
6928,3
6929,3
6930,3
6931,3
6932,3
6933,3
6934,3
6935,3
6936,3
6937,3
6938,3
6939,3
6940,3
6941,3
6942,3
6943,3
6944,3
6945,3
6946,3
6947,3
6948,3
6949,3
6950,3
6951,3
6952,3
6953,3
6954,3
6955,3
6956,3
6957,3
6958,3
6959,3
6960,3
6961,3
6962,3
6963,3
6964,3
6965,3
6966,3
6967,3
6968,3
6969,3
6970,3
6971,3
6972,3
6973,3
6974,3
6975,3
6976,3
6977,3
6978,3
6979,3
6980,3
6981,3
6982,3
6983,3
6984,3
6985,3
6986,3
6987,3
6988,3
6989,3
6990,3
6991,3
6992,3
6993,3
6994,3
6995,3
6996,3
6997,3
6998,3
6999,3
7000,3
7001,3
7002,3
7003,3
7004,3
7005,3
7006,3
7007,3
7008,3
7009,3
7010,3
7011,3
7012,3
7013,3
7014,3
7015,3
7016,3
7017,3
7018,3
7019,3
7020,3
7021,3
7022,3
7023,3
7024,3
7025,3
7026,3
7027,3
7028,3
7029,3
7030,3
7031,3
7032,3
7033,3
7034,3
7035,3
7036,3
7037,3
7038,3
7039,3
7040,3
7041,3
7042,3
7043,3
7044,3
7045,3
7046,3
7047,3
7048,3
7049,3
7050,3
7051,3
7052,3
7053,3
7054,3
7055,3
7056,3
7057,3
7058,3
7059,3
7060,3
7061,3
7062,3
7063,3
7064,3
7065,3
7066,3
7067,3
7068,3
7069,3
7070,3
7071,3
7072,3
7073,3
7074,3
7075,3
7076,3
7077,3
7078,3
7079,3
7080,3
7081,3
7082,3
7083,3
7084,3
7085,3
7086,3
7087,3
7088,3
7089,3
7090,3
7091,3
7092,3
7093,3
7094,3
7095,3
7096,3
7097,3
7098,3
7099,3
7100,3
7101,3
7102,3
7103,3
7104,3
7105,3
7106,3
7107,3
7108,3
7109,3
7110,3
7111,3
7112,3
7113,3
7114,3
7115,3
7116,3
7117,3
7118,3
7119,3
7120,3
7121,3
7122,3
7123,3
7124,3
7125,3
7126,3
7127,3
7128,3
7129,3
7130,3
7131,3
7132,3
7133,3
7134,3
7135,3
7136,3
7137,3
7138,3
7139,3
7140,3
7141,3
7142,3
7143,3
7144,3
7145,3
7146,3
7147,3
7148,3
7149,3
7150,3
7151,3
7152,3
7153,3
7154,3
7155,3
7156,3
7157,3
7158,3
7159,3
7160,3
7161,3
7162,3
7163,3
7164,3
7165,3
7166,3
7167,3
7168,3
7169,3
7170,3
7171,3
7172,3
7173,3
7174,3
7175,3
7176,3
7177,3
7178,3
7179,3
7180,3
7181,3
7182,3
7183,3
7184,3
7185,3
7186,3
7187,3
7188,3
7189,3
7190,3
7191,3
7192,3
7193,3
7194,3
7195,3
7196,3
7197,3
7198,3
7199,3
7200,3
7201,3
7202,3
7203,3
7204,3
7205,3
7206,3
7207,3
7208,3
7209,3
7210,3
7211,3
7212,3
7213,3
7214,3
7215,3
7216,3
7217,3
7218,3
7219,3
7220,3
7221,3
7222,3
7223,3
7224,3
7225,3
7226,3
7227,3
7228,3
7229,3
7230,3
7231,3
7232,3
7233,3
7234,3
7235,3
7236,3
7237,3
7238,3
7239,3
7240,3
7241,3
7242,3
7243,3
7244,3
7245,3
7246,3
7247,3
7248,3
7249,3
7250,3
7251,3
7252,3
7253,3
7254,3
7255,3
7256,3
7257,3
7258,3
7259,3
7260,3
7261,3
7262,3
7263,3
7264,3
7265,3
7266,3
7267,3
7268,3
7269,3
7270,3
7271,3
7272,3
7273,3
7274,3
7275,3
7276,3
7277,3
7278,3
7279,3
7280,3
7281,3
7282,3
7283,3
7284,3
7285,3
7286,3
7287,3
7288,3
7289,3
7290,3
7291,3
7292,3
7293,3
7294,3
7295,3
7296,3
7297,3
7298,3
7299,3
7300,3
7301,3
7302,3
7303,3
7304,3
7305,3
7306,3
7307,3
7308,3
7309,3
7310,3
7311,3
7312,3
7313,3
7314,3
7315,3
7316,3
7317,3
7318,3
7319,3
7320,3
7321,3
7322,3
7323,3
7324,3
7325,3
7326,3
7327,3
7328,3
7329,3
7330,3
7331,3
7332,3
7333,3
7334,3
7335,3
7336,3
7337,3
7338,3
7339,3
7340,3
7341,3
7342,3
7343,3
7344,3
7345,3
7346,3
7347,3
7348,3
7349,3
7350,3
7351,3
7352,3
7353,3
7354,3
7355,3
7356,3
7357,3
7358,3
7359,3
7360,3
7361,3
7362,3
7363,3
7364,3
7365,3
7366,3
7367,3
7368,3
7369,3
7370,3
7371,3
7372,3
7373,3
7374,3
7375,3
7376,3
7377,3
7378,3
7379,3
7380,3
7381,3
7382,3
7383,3
7384,3
7385,3
7386,3
7387,3
7388,3
7389,3
7390,3
7391,3
7392,3
7393,3
7394,3
7395,3
7396,3
7397,3
7398,3
7399,3
7400,3
7401,3
7402,3
7403,3
7404,3
7405,3
7406,3
7407,3
7408,3
7409,3
7410,3
7411,3
7412,3
7413,3
7414,3
7415,3
7416,3
7417,3
7418,3
7419,3
7420,3
7421,3
7422,3
7423,3
7424,3
7425,3
7426,3
7427,3
7428,3
7429,3
7430,3
7431,3
7432,3
7433,3
7434,3
7435,3
7436,3
7437,3
7438,3
7439,3
7440,3
7441,3
7442,3
7443,3
7444,3
7445,3
7446,3
7447,3
7448,3
7449,3
7450,3
7451,3
7452,3
7453,3
7454,3
7455,3
7456,3
7457,3
7458,3
7459,3
7460,3
7461,3
7462,3
7463,3
7464,3
7465,3
7466,3
7467,3
7468,3
7469,3
7470,3
7471,3
7472,3
7473,3
7474,3
7475,3
7476,3
7477,3
7478,3
7479,3
7480,3
7481,3
7482,3
7483,3
7484,3
7485,3
7486,3
7487,3
7488,3
7489,3
7490,3
7491,3
7492,3
7493,3
7494,3
7495,3
7496,3
7497,3
7498,3
7499,3
7500,3
7501,3
7502,3
7503,3
7504,3
7505,3
7506,3
7507,3
7508,3
7509,3
7510,3
7511,3
7512,3
7513,3
7514,3
7515,3
7516,3
7517,3
7518,3
7519,3
7520,3
7521,3
7522,3
7523,3
7524,3
7525,3
7526,3
7527,3
7528,3
7529,3
7530,3
7531,3
7532,3
7533,3
7534,3
7535,3
7536,3
7537,3
7538,3
7539,3
7540,3
7541,3
7542,3
7543,3
7544,3
7545,3
7546,3
7547,3
7548,3
7549,3
7550,3
7551,3
7552,3
7553,3
7554,3
7555,3
7556,3
7557,3
7558,3
7559,3
7560,3
7561,3
7562,3
7563,3
7564,3
7565,3
7566,3
7567,3
7568,3
7569,3
7570,3
7571,3
7572,3
7573,3
7574,3
7575,3
7576,3
7577,3
7578,3
7579,3
7580,3
7581,3
7582,3
7583,3
7584,3
7585,3
7586,3
7587,3
7588,3
7589,3
7590,3
7591,3
7592,3
7593,3
7594,3
7595,3
7596,3
7597,3
7598,3
7599,3
7600,3
7601,3
7602,3
7603,3
7604,3
7605,3
7606,3
7607,3
7608,3
7609,3
7610,3
7611,3
7612,3
7613,3
7614,3
7615,3
7616,3
7617,3
7618,3
7619,3
7620,3
7621,3
7622,3
7623,3
7624,3
7625,3
7626,3
7627,3
7628,3
7629,3
7630,3
7631,3
7632,3
7633,3
7634,3
7635,3
7636,3
7637,3
7638,3
7639,3
7640,3
7641,3
7642,3
7643,3
7644,3
7645,3
7646,3
7647,3
7648,3
7649,3
7650,3
7651,3
7652,3
7653,3
7654,3
7655,3
7656,3
7657,3
7658,3
7659,3
7660,3
7661,3
7662,3
7663,3
7664,3
7665,3
7666,3
7667,3
7668,3
7669,3
7670,3
7671,3
7672,3
7673,3
7674,3
7675,3
7676,3
7677,3
7678,3
7679,3
7680,3
7681,3
7682,3
7683,3
7684,3
7685,3
7686,3
7687,3
7688,3
7689,3
7690,3
7691,3
7692,3
7693,3
7694,3
7695,3
7696,3
7697,3
7698,3
7699,3
7700,3
7701,3
7702,3
7703,3
7704,3
7705,3
7706,3
7707,3
7708,3
7709,3
7710,3
7711,3
7712,3
7713,3
7714,3
7715,3
7716,3
7717,3
7718,3
7719,3
7720,3
7721,3
7722,3
7723,3
7724,3
7725,3
7726,3
7727,3
7728,3
7729,3
7730,3
7731,3
7732,3
7733,3
7734,3
7735,3
7736,3
7737,3
7738,3
7739,3
7740,3
7741,3
7742,3
7743,3
7744,3
7745,3
7746,3
7747,3
7748,3
7749,3
7750,3
7751,3
7752,3
7753,3
7754,3
7755,3
7756,3
7757,3
7758,3
7759,3
7760,3
7761,3
7762,3
7763,3
7764,3
7765,3
7766,3
7767,3
7768,3
7769,3
7770,3
7771,3
7772,3
7773,3
7774,3
7775,3
7776,3
7777,3
7778,3
7779,3
7780,3
7781,3
7782,3
7783,3
7784,3
7785,3
7786,3
7787,3
7788,3
7789,3
7790,3
7791,3
7792,3
7793,3
7794,3
7795,3
7796,3
7797,3
7798,3
7799,3
7800,3
7801,3
7802,3
7803,3
7804,3
7805,3
7806,3
7807,3
7808,3
7809,3
7810,3
7811,3
7812,3
7813,3
7814,3
7815,3
7816,3
7817,3
7818,3
7819,3
7820,3
7821,3
7822,3
7823,3
7824,3
7825,3
7826,3
7827,3
7828,3
7829,3
7830,3
7831,3
7832,3
7833,3
7834,3
7835,3
7836,3
7837,3
7838,3
7839,3
7840,3
7841,3
7842,3
7843,3
7844,3
7845,3
7846,3
7847,3
7848,3
7849,3
7850,3
7851,2
7852,2
7853,2
7854,2
7855,2
7856,2
7857,2
7858,2
7859,2
7860,2
7861,2
7862,2
7863,2
7864,2
7865,2
7866,2
7867,2
7868,2
7869,2
7870,2
7871,2
7872,2
7873,2
7874,2
7875,2
7876,2
7877,2
7878,2
7879,2
7880,2
7881,2
7882,2
7883,2
7884,2
7885,2
7886,2
7887,2
7888,2
7889,2
7890,2
7891,2
7892,2
7893,2
7894,2
7895,2
7896,2
7897,2
7898,2
7899,2
7900,2
7901,2
7902,2
7903,2
7904,2
7905,2
7906,2
7907,2
7908,2
7909,2
7910,2
7911,2
7912,2
7913,2
7914,2
7915,2
7916,2
7917,2
7918,2
7919,2
7920,2
7921,2
7922,2
7923,2
7924,2
7925,2
7926,2
7927,2
7928,2
7929,2
7930,2
7931,2
7932,2
7933,2
7934,2
7935,2
7936,2
7937,2
7938,2
7939,2
7940,2
7941,2
7942,2
7943,2
7944,2
7945,2
7946,2
7947,2
7948,2
7949,2
7950,2
7951,2
7952,2
7953,2
7954,2
7955,2
7956,2
7957,2
7958,2
7959,2
7960,2
7961,2
7962,2
7963,2
7964,2
7965,2
7966,2
7967,2
7968,2
7969,2
7970,2
7971,2
7972,2
7973,2
7974,2
7975,2
7976,2
7977,2
7978,2
7979,2
7980,2
7981,2
7982,2
7983,2
7984,2
7985,1
7986,1
7987,1
7988,1
7989,1
7990,1
7991,1
7992,1
7993,1
7994,1
7995,1
7996,0
7997,1
7998,1
7999,1
8000,1
8001,1
8002,1
8003,1
8004,1
8005,1
8006,1
8007,0
8008,1
8009,1
8010,0
8011,1
8012,1
8013,1
8014,3
8015,3
8016,3
8017,3
8018,3
8019,3
8020,3
8021,3
8022,3
8023,3
8024,3
8025,3
8026,3
8027,3
8028,3
8029,3
8030,3
8031,3
8032,3
8033,3
8034,3
8035,3
8036,3
8037,3
8038,3
8039,3
8040,3
8041,3
8042,3
8043,3
8044,3
8045,3
8046,3
8047,3
8048,3
8049,3
8050,3
8051,3
8052,3
8053,3
8054,3
8055,3
8056,3
8057,3
8058,3
8059,3
8060,3
8061,3
8062,3
8063,3
8064,3
8065,3
8066,3
8067,3
8068,3
8069,3
8070,3
8071,3
8072,3
8073,3
8074,3
8075,3
8076,3
8077,3
8078,3
8079,3
8080,3
8081,3
8082,3
8083,3
8084,3
8085,3
8086,3
8087,3
8088,3
8089,3
8090,3
8091,3
8092,3
8093,3
8094,3
8095,3
8096,3
8097,3
8098,3
8099,3
8100,3
8101,3
8102,3
8103,3
8104,3
8105,3
8106,3
8107,3
8108,3
8109,3
8110,3
8111,3
8112,3
8113,3
8114,3
8115,3
8116,3
8117,3
8118,3
8119,3
8120,3
8121,3
8122,3
8123,3
8124,3
8125,3
8126,3
8127,3
8128,3
8129,3
8130,3
8131,3
8132,3
8133,3
8134,3
8135,3
8136,3
8137,3
8138,3
8139,3
8140,3
8141,3
8142,3
8143,3
8144,3
8145,3
8146,3
8147,3
8148,3
8149,3
8150,3
8151,3
8152,3
8153,3
8154,3
8155,3
8156,3
8157,3
8158,3
8159,3
8160,3
8161,3
8162,3
8163,3
8164,0
8165,1
8166,0
8167,1
8168,1
8169,1
8170,0
8171,1
8172,1
8173,1
8174,0
8175,0
8176,1
8177,1
8178,1
8179,1
8180,1
8181,1
8182,1
8183,1
8184,0
8185,1
8186,1
8187,0
8188,1
8189,1
8190,1
8191,1
8192,1
8193,1
8194,1
8195,0
8196,1
8197,1
8198,0
8199,1
8200,0
8201,1
8202,1
8203,1
8204,1
8205,1
8206,1
8207,1
8208,1
8209,1
8210,1
8211,1
8212,1
8213,1
8214,1
8215,1
8216,0
8217,1
8218,1
8219,0
8220,1
8221,1
8222,1
8223,1
8224,1
8225,1
8226,1
8227,1
8228,1
8229,1
8230,1
8231,1
8232,1
8233,1
8234,1
8235,1
8236,1
8237,1
8238,1
8239,1
8240,1
8241,1
8242,1
8243,1
8244,1
8245,1
8246,1
8247,1
8248,1
8249,1
8250,1
8251,1
8252,1
8253,1
8254,1
8255,1
8256,1
8257,0
8258,1
8259,1
8260,1
8261,1
8262,0
8263,1
8264,1
8265,1
8266,1
8267,1
8268,1
8269,1
8270,1
8271,1
8272,1
8273,1
8274,1
8275,1
8276,1
8277,1
8278,1
8279,1
8280,1
8281,1
8282,1
8283,1
8284,1
8285,1
8286,1
8287,1
8288,1
8289,1
8290,1
8291,1
8292,1
8293,1
8294,1
8295,1
8296,1
8297,1
8298,1
8299,1
8300,1
8301,1
8302,1
8303,1
8304,1
8305,1
8306,1
8307,1
8308,1
8309,1
8310,1
8311,1
8312,1
8313,1
8314,1
8315,1
8316,1
8317,1
8318,1
8319,1
8320,1
8321,1
8322,1
8323,1
8324,1
8325,1
8326,1
8327,1
8328,1
8329,1
8330,1
8331,1
8332,1
8333,1
8334,1
8335,1
8336,1
8337,1
8338,1
8339,1
8340,1
8341,1
8342,1
8343,1
8344,1
8345,1
8346,1
8347,1
8348,1
8349,1
8350,1
8351,1
8352,1
8353,1
8354,1
8355,1
8356,1
8357,1
8358,1
8359,1
8360,1
8361,1
8362,1
8363,1
8364,1
8365,1
8366,1
8367,1
8368,1
8369,1
8370,1
8371,1
8372,1
8373,1
8374,1
8375,1
8376,1
8377,1
8378,1
8379,1
8380,1
8381,1
8382,1
8383,1
8384,1
8385,1
8386,1
8387,1
8388,1
8389,1
8390,1
8391,1
8392,1
8393,1
8394,1
8395,1
8396,0
8397,0
8398,0
8399,0
8400,0
8401,0
8402,0
8403,1
8404,1
8405,1
8406,1
8407,1
8408,1
8409,1
8410,1
8411,1
8412,1
8413,1
8414,1
8415,1
8416,1
8417,1
8418,1
8419,1
8420,1
8421,1
8422,1
8423,1
8424,1
8425,1
8426,1
8427,1
8428,1
8429,1
8430,1
8431,1
8432,1
8433,1
8434,1
8435,1
8436,1
8437,1
8438,1
8439,1
8440,1
8441,1
8442,1
8443,1
8444,1
8445,1
8446,1
8447,1
8448,1
8449,1
8450,1
8451,1
8452,1
8453,0
8454,1
8455,0
8456,0
8457,1
8458,1
8459,1
8460,1
8461,0
8462,1
8463,1
8464,1
8465,0
8466,0
8467,1
8468,1
8469,1
8470,1
8471,0
8472,1
8473,1
8474,1
8475,1
8476,1
8477,1
8478,0
8479,1
8480,1
8481,1
8482,1
8483,1
8484,0
8485,1
8486,1
8487,0
8488,0
8489,1
8490,1
8491,1
8492,1
8493,0
8494,0
8495,0
8496,1
8497,1
8498,1
8499,1
8500,1
8501,0
8502,0
8503,1
8504,1
8505,1
8506,1
8507,1
8508,1
8509,1
8510,1
8511,1
8512,1
8513,1
8514,1
8515,1
8516,1
8517,1
8518,1
8519,1
8520,0
8521,0
8522,0
8523,0
8524,0
8525,0
8526,0
8527,0
8528,0
8529,0
8530,0
8531,1
8532,0
8533,0
8534,0
8535,0
8536,0
8537,0
8538,0
8539,0
8540,0
8541,0
8542,0
8543,0
8544,0
8545,1
8546,1
8547,1
8548,1
8549,1
8550,1
8551,1
8552,1
8553,1
8554,1
8555,1
8556,1
8557,1
8558,1
8559,1
8560,1
8561,1
8562,1
8563,1
8564,1
8565,1
8566,1
8567,1
8568,1
8569,1
8570,1
8571,1
8572,1
8573,1
8574,1
8575,1
8576,1
8577,1
8578,1
8579,1
8580,1
8581,1
8582,1
8583,1
8584,1
8585,1
8586,1
8587,1
8588,1
8589,1
8590,1
8591,1
8592,1
8593,1
8594,1
8595,1
8596,1
8597,1
8598,1
8599,1
8600,1
8601,1
8602,1
8603,1
8604,1
8605,1
8606,1
8607,1
8608,1
8609,1
8610,0
8611,0
8612,0
8613,0
8614,0
8615,1
8616,1
8617,1
8618,1
8619,1
8620,1
8621,1
8622,1
8623,1
8624,1
8625,1
8626,1
8627,1
8628,1
8629,1
8630,0
8631,0
8632,0
8633,0
8634,0
8635,0
8636,0
8637,0
8638,0
8639,0
8640,0
8641,0
8642,0
8643,0
8644,0
8645,0
8646,0
8647,0
8648,0
8649,0
8650,1
8651,1
8652,1
8653,1
8654,1
8655,1
8656,1
8657,1
8658,1
8659,1
8660,1
8661,1
8662,1
8663,1
8664,1
8665,1
8666,1
8667,1
8668,1
8669,1
8670,1
8671,1
8672,1
8673,1
8674,1
8675,1
8676,1
8677,1
8678,1
8679,1
8680,1
8681,1
8682,1
8683,1
8684,1
8685,1
8686,1
8687,1
8688,1
8689,1
8690,1
8691,1
8692,1
8693,1
8694,1
8695,1
8696,1
8697,1
8698,1
8699,1
8700,1
8701,1
8702,1
8703,1
8704,1
8705,1
8706,0
8707,1
8708,1
8709,1
8710,1
8711,1
8712,1
8713,1
8714,0
8715,0
8716,0
8717,0
8718,1
8719,0
8720,0
8721,0
8722,1
8723,0
8724,0
8725,0
8726,0
8727,0
8728,1
8729,1
8730,0
8731,1
8732,1
8733,0
8734,0
8735,0
8736,1
8737,1
8738,1
8739,1
8740,1
8741,1
8742,0
8743,1
8744,1
8745,1
8746,0
8747,1
8748,1
8749,1
8750,1
8751,1
8752,0
8753,1
8754,1
8755,0
8756,1
8757,1
8758,0
8759,1
8760,1
8761,1
8762,1
8763,0
8764,0
8765,1
8766,0
8767,1
8768,1
8769,0
8770,0
8771,0
8772,1
8773,1
8774,1
8775,1
8776,0
8777,1
8778,1
8779,1
8780,1
8781,0
8782,1
8783,0
8784,0
8785,1
8786,1
8787,0
8788,1
8789,0
8790,0
8791,1
8792,0
8793,1
8794,0
8795,1
8796,1
8797,0
8798,1
8799,0
8800,0
8801,1
8802,1
8803,1
8804,1
8805,1
8806,1
8807,1
8808,1
8809,1
8810,1
8811,0
8812,0
8813,1
8814,1
8815,1
8816,1
8817,1
8818,0
8819,0
8820,1
8821,1
8822,1
8823,1
8824,0
8825,0
8826,1
8827,0
8828,1
8829,1
8830,1
8831,1
8832,1
8833,1
8834,1
8835,1
8836,1
8837,1
8838,1
8839,1
8840,1
8841,1
8842,1
8843,1
8844,1
8845,1
8846,1
8847,1
8848,1
8849,1
8850,1
8851,1
8852,1
8853,1
8854,1
8855,1
8856,1
8857,1
8858,1
8859,1
8860,1
8861,1
8862,1
8863,1
8864,1
8865,1
8866,1
8867,1
8868,1
8869,1
8870,1
8871,1
8872,1
8873,1
8874,1
8875,1
8876,1
8877,1
8878,1
8879,1
8880,1
8881,1
8882,1
8883,1
8884,0
8885,0
8886,0
8887,1
8888,1
8889,1
8890,1
8891,0
8892,1
8893,1
8894,1
8895,1
8896,0
8897,1
8898,1
8899,1
8900,1
8901,1
8902,1
8903,1
8904,1
8905,1
8906,1
8907,0
8908,1
8909,1
8910,1
8911,1
8912,1
8913,1
8914,1
8915,1
8916,1
8917,1
8918,1
8919,1
8920,1
8921,1
8922,1
8923,1
8924,1
8925,1
8926,1
8927,1
8928,1
8929,1
8930,1
8931,1
8932,1
8933,1
8934,1
8935,1
8936,1
8937,1
8938,1
8939,1
8940,1
8941,1
8942,1
8943,1
8944,1
8945,1
8946,1
8947,1
8948,1
8949,1
8950,1
8951,1
8952,1
8953,1
8954,1
8955,1
8956,1
8957,1
8958,1
8959,1
8960,1
8961,1
8962,1
8963,1
8964,1
8965,1
8966,1
8967,1
8968,1
8969,1
8970,1
8971,1
8972,1
8973,1
8974,1
8975,1
8976,1
8977,1
8978,1
8979,1
8980,1
8981,1
8982,1
8983,1
8984,1
8985,1
8986,1
8987,1
8988,1
8989,1
8990,1
8991,1
8992,1
8993,1
8994,1
8995,1
8996,1
8997,1
8998,1
8999,1
9000,1
9001,1
9002,1
9003,1
9004,1
9005,1
9006,1
9007,1
9008,0
9009,1
9010,1
9011,1
9012,1
9013,1
9014,1
9015,1
9016,1
9017,1
9018,1
9019,1
9020,1
9021,1
9022,1
9023,1
9024,1
9025,1
9026,1
9027,1
9028,1
9029,1
9030,0
9031,1
9032,0
9033,0
9034,1
9035,0
9036,0
9037,0
9038,1
9039,1
9040,1
9041,0
9042,1
9043,0
9044,1
9045,1
9046,1
9047,0
9048,1
9049,1
9050,1
9051,0
9052,1
9053,0
9054,1
9055,1
9056,0
9057,0
9058,1
9059,0
9060,0
9061,0
9062,0
9063,1
9064,1
9065,1
9066,1
9067,0
9068,1
9069,0
9070,1
9071,0
9072,0
9073,1
9074,0
9075,1
9076,1
9077,0
9078,1
9079,1
9080,1
9081,0
9082,1
9083,0
9084,1
9085,0
9086,0
9087,0
9088,0
9089,1
9090,1
9091,1
9092,0
9093,0
9094,0
9095,1
9096,1
9097,1
9098,1
9099,1
9100,0
9101,0
9102,1
9103,1
9104,1
9105,0
9106,1
9107,1
9108,1
9109,1
9110,1
9111,1
9112,1
9113,1
9114,1
9115,1
9116,1
9117,1
9118,1
9119,1
9120,1
9121,1
9122,1
9123,1
9124,1
9125,1
9126,1
9127,1
9128,1
9129,0
9130,1
9131,1
9132,1
9133,0
9134,1
9135,1
9136,1
9137,1
9138,1
9139,1
9140,1
9141,1
9142,1
9143,1
9144,1
9145,1
9146,1
9147,1
9148,1
9149,1
9150,1
9151,1
9152,1
9153,1
9154,1
9155,1
9156,1
9157,1
9158,1
9159,1
9160,1
9161,1
9162,1
9163,1
9164,1
9165,1
9166,1
9167,1
9168,1
9169,1
9170,1
9171,1
9172,1
9173,1
9174,1
9175,1
9176,1
9177,1
9178,1
9179,1
9180,1
9181,1
9182,1
9183,1
9184,1
9185,1
9186,1
9187,1
9188,1
9189,1
9190,1
9191,1
9192,1
9193,1
9194,1
9195,1
9196,1
9197,1
9198,1
9199,1
9200,1
9201,1
9202,1
9203,1
9204,1
9205,1
9206,0
9207,0
9208,0
9209,0
9210,0
9211,0
9212,0
9213,1
9214,0
9215,0
9216,0
9217,0
9218,0
9219,0
9220,0
9221,1
9222,0
9223,0
9224,0
9225,0
9226,0
9227,1
9228,0
9229,0
9230,0
9231,0
9232,0
9233,0
9234,0
9235,0
9236,1
9237,0
9238,0
9239,0
9240,0
9241,0
9242,0
9243,0
9244,0
9245,1
9246,1
9247,1
9248,1
9249,1
9250,1
9251,1
9252,1
9253,1
9254,1
9255,1
9256,1
9257,1
9258,1
9259,0
9260,1
9261,1
9262,1
9263,1
9264,1
9265,1
9266,1
9267,1
9268,1
9269,1
9270,1
9271,1
9272,1
9273,1
9274,1
9275,0
9276,1
9277,1
9278,1
9279,1
9280,1
9281,1
9282,1
9283,0
9284,1
9285,1
9286,1
9287,1
9288,1
9289,0
9290,1
9291,1
9292,1
9293,1
9294,1
9295,1
9296,1
9297,1
9298,1
9299,1
9300,1
9301,1
9302,1
9303,1
9304,1
9305,1
9306,0
9307,1
9308,1
9309,1
9310,1
9311,1
9312,0
9313,1
9314,1
9315,1
9316,1
9317,1
9318,1
9319,1
9320,1
9321,1
9322,1
9323,1
9324,1
9325,1
9326,1
9327,1
9328,1
9329,1
9330,1
9331,1
9332,1
9333,1
9334,1
9335,1
9336,1
9337,1
9338,1
9339,1
9340,1
9341,1
9342,1
9343,1
9344,1
9345,1
9346,1
9347,1
9348,1
9349,1
9350,1
9351,1
9352,1
9353,1
9354,1
9355,1
9356,1
9357,1
9358,1
9359,1
9360,1
9361,1
9362,1
9363,1
9364,1
9365,1
9366,1
9367,1
9368,1
9369,1
9370,1
9371,1
9372,1
9373,1
9374,1
9375,1
9376,1
9377,1
9378,1
9379,1
9380,1
9381,1
9382,1
9383,1
9384,1
9385,1
9386,1
9387,1
9388,1
9389,1
9390,1
9391,1
9392,1
9393,1
9394,1
9395,0
9396,1
9397,1
9398,1
9399,0
9400,1
9401,1
9402,1
9403,1
9404,1
9405,1
9406,1
9407,1
9408,1
9409,1
9410,1
9411,1
9412,1
9413,1
9414,1
9415,1
9416,1
9417,1
9418,1
9419,1
9420,1
9421,1
9422,0
9423,1
9424,1
9425,1
9426,1
9427,1
9428,1
9429,1
9430,1
9431,1
9432,1
9433,1
9434,1
9435,1
9436,1
9437,1
9438,1
9439,1
9440,1
9441,1
9442,1
9443,1
9444,1
9445,1
9446,1
9447,1
9448,1
9449,1
9450,1
9451,1
9452,1
9453,1
9454,0
9455,1
9456,1
9457,1
9458,1
9459,1
9460,1
9461,1
9462,0
9463,1
9464,1
9465,1
9466,1
9467,0
9468,1
9469,0
9470,1
9471,1
9472,1
9473,1
9474,1
9475,1
9476,1
9477,0
9478,0
9479,0
9480,0
9481,0
9482,0
9483,0
9484,0
9485,0
9486,0
9487,0
9488,0
9489,0
9490,0
9491,0
9492,0
9493,0
9494,0
9495,0
9496,0
9497,0
9498,0
9499,0
9500,0
9501,0
9502,0
9503,0
9504,1
9505,1
9506,1
9507,1
9508,1
9509,1
9510,1
9511,1
9512,1
9513,1
9514,1
9515,1
9516,1
9517,1
9518,1
9519,1
9520,1
9521,1
9522,1
9523,1
9524,1
9525,1
9526,1
9527,1
9528,1
9529,1
9530,1
9531,1
9532,1
9533,1
9534,1
9535,1
9536,1
9537,1
9538,1
9539,1
9540,1
9541,1
9542,1
9543,1
9544,1
9545,1
9546,1
9547,1
9548,1
9549,1
9550,1
9551,1
9552,1
9553,1
9554,1
9555,1
9556,1
9557,0
9558,1
9559,1
9560,1
9561,1
9562,1
9563,1
9564,1
9565,1
9566,1
9567,1
9568,1
9569,1
9570,1
9571,1
9572,0
9573,1
9574,0
9575,1
9576,1
9577,1
9578,1
9579,0
9580,1
9581,1
9582,0
9583,1
9584,1
9585,1
9586,1
9587,1
9588,1
9589,1
9590,1
9591,1
9592,1
9593,1
9594,1
9595,1
9596,1
9597,1
9598,1
9599,1
9600,1
9601,1
9602,1
9603,1
9604,1
9605,1
9606,1
9607,1
9608,1
9609,1
9610,1
9611,1
9612,1
9613,1
9614,1
9615,1
9616,1
9617,1
9618,1
9619,1
9620,1
9621,1
9622,1
9623,1
9624,1
9625,1
9626,1
9627,1
9628,1
9629,1
9630,1
9631,1
9632,1
9633,1
9634,1
9635,1
9636,1
9637,1
9638,1
9639,1
9640,1
9641,1
9642,1
9643,1
9644,1
9645,1
9646,1
9647,1
9648,1
9649,1
9650,1
9651,1
9652,1
9653,1
9654,1
9655,1
9656,1
9657,1
9658,1
9659,1
9660,1
9661,1
9662,1
9663,1
9664,1
9665,1
9666,1
9667,1
9668,1
9669,1
9670,1
9671,1
9672,1
9673,1
9674,1
9675,1
9676,1
9677,1
9678,1
9679,1
9680,1
9681,1
9682,1
9683,1
9684,1
9685,1
9686,1
9687,1
9688,1
9689,1
9690,1
9691,1
9692,1
9693,1
9694,1
9695,1
9696,1
9697,1
9698,1
9699,1
9700,1
9701,1
9702,1
9703,1
9704,1
9705,1
9706,1
9707,1
9708,1
9709,1
9710,1
9711,1
9712,1
9713,1
9714,1
9715,1
9716,1
9717,1
9718,1
9719,1
9720,1
9721,1
9722,1
9723,1
9724,1
9725,1
9726,1
9727,1
9728,1
9729,1
9730,1
9731,1
9732,1
9733,1
9734,1
9735,1
9736,1
9737,1
9738,1
9739,1
9740,1
9741,1
9742,1
9743,1
9744,1
9745,1
9746,1
9747,1
9748,1
9749,1
9750,1
9751,1
9752,1
9753,1
9754,1
9755,1
9756,1
9757,1
9758,1
9759,1
9760,1
9761,1
9762,1
9763,1
9764,1
9765,1
9766,1
9767,1
9768,1
9769,1
9770,1
9771,1
9772,1
9773,1
9774,1
9775,1
9776,0
9777,1
9778,1
9779,0
9780,0
9781,1
9782,1
9783,1
9784,1
9785,1
9786,1
9787,1
9788,1
9789,1
9790,1
9791,1
9792,1
9793,1
9794,1
9795,1
9796,1
9797,1
9798,1
9799,1
9800,1
9801,1
9802,1
9803,1
9804,1
9805,1
9806,1
9807,1
9808,1
9809,1
9810,1
9811,1
9812,1
9813,1
9814,1
9815,1
9816,1
9817,1
9818,1
9819,1
9820,1
9821,1
9822,1
9823,1
9824,1
9825,1
9826,1
9827,1
9828,1
9829,1
9830,1
9831,1
9832,1
9833,1
9834,1
9835,1
9836,1
9837,1
9838,1
9839,1
9840,1
9841,1
9842,1
9843,1
9844,1
9845,1
9846,1
9847,1
9848,1
9849,1
9850,1
9851,1
9852,1
9853,1
9854,1
9855,1
9856,1
9857,1
9858,1
9859,1
9860,1
9861,1
9862,1
9863,1
9864,1
9865,1
9866,1
9867,1
9868,1
9869,1
9870,1
9871,1
9872,1
9873,0
9874,1
9875,1
9876,1
9877,1
9878,1
9879,1
9880,1
9881,1
9882,1
9883,1
9884,1
9885,1
9886,1
9887,1
9888,1
9889,1
9890,1
9891,1
9892,1
9893,1
9894,1
9895,1
9896,1
9897,1
9898,1
9899,1
9900,1
9901,1
9902,1
9903,1
9904,1
9905,1
9906,1
9907,1
9908,1
9909,1
9910,1
9911,1
9912,1
9913,1
9914,1
9915,1
9916,1
9917,1
9918,1
9919,1
9920,1
9921,1
9922,0
9923,0
9924,0
9925,0
9926,1
9927,1
9928,1
9929,1
9930,1
9931,1
9932,1
9933,1
9934,1
9935,1
9936,1
9937,1
9938,1
9939,1
9940,1
9941,1
9942,1
9943,1
9944,1
9945,1
9946,1
9947,1
9948,1
9949,1
9950,1
9951,1
9952,1
9953,1
9954,1
9955,1
9956,1
9957,1
9958,1
9959,1
9960,1
9961,1
9962,1
9963,1
9964,1
9965,1
9966,1
9967,1
9968,1
9969,1
9970,1
9971,1
9972,1
9973,1
9974,1
9975,1
9976,1
9977,1
9978,1
9979,1
9980,1
9981,1
9982,0
9983,1
9984,1
9985,1
9986,1
9987,1
9988,1
9989,1
9990,1
9991,1
9992,0
9993,1
9994,0
9995,1
9996,1
9997,1
9998,0
9999,1
10000,1
10001,1
10002,1
10003,1
10004,1
10005,1
10006,1
10007,1
10008,1
10009,1
10010,1
10011,1
10012,1
10013,1
10014,1
10015,1
10016,0
10017,1
10018,1
10019,1
10020,1
10021,1
10022,1
10023,0
10024,1
10025,1
10026,1
10027,1
10028,1
10029,1
10030,1
10031,1
10032,1
10033,4
10034,0
10035,1
10036,1
10037,0
10038,1
10039,0
10040,1
10041,1
10042,1
10043,1
10044,0
10045,1
10046,1
10047,0
10048,1
10049,1
10050,1
10051,1
10052,1
10053,1
10054,1
10055,1
10056,0
10057,1
10058,1
10059,1
10060,1
10061,1
10062,1
10063,1
10064,0
10065,1
10066,1
10067,1
10068,1
10069,1
10070,1
10071,1
10072,0
10073,1
10074,1
10075,1
10076,1
10077,1
10078,0
10079,0
10080,1
10081,1
10082,1
10083,1
10084,1
10085,1
10086,1
10087,1
10088,1
10089,1
10090,1
10091,1
10092,1
10093,1
10094,1
10095,1
10096,1
10097,0
10098,1
10099,1
10100,1
10101,1
10102,0
10103,1
10104,1
10105,1
10106,2
10107,2
10108,2
10109,2
10110,2
10111,2
10112,2
10113,2
10114,2
10115,2
10116,2
10117,2
10118,2
10119,2
10120,2
10121,2
10122,2
10123,2
10124,2
10125,2
10126,2
10127,2
10128,2
10129,2
10130,2
10131,2
10132,2
10133,2
10134,2
10135,2
10136,0
10137,1
10138,1
10139,1
10140,1
10141,1
10142,1
10143,1
10144,1
10145,1
10146,1
10147,0
10148,1
10149,1
10150,0
10151,1
10152,1
10153,0
10154,0
10155,1
10156,1
10157,1
10158,1
10159,1
10160,1
10161,1
10162,1
10163,1
10164,1
10165,1
10166,1
10167,1
10168,1
10169,1
10170,1
10171,1
10172,1
10173,1
10174,1
10175,0
10176,1
10177,1
10178,1
10179,1
10180,1
10181,1
10182,1
10183,1
10184,1
10185,1
10186,1
10187,1
10188,1
10189,1
10190,1
10191,0
10192,1
10193,1
10194,1
10195,1
10196,1
10197,1
10198,1
10199,0
10200,0
10201,1
10202,1
10203,1
10204,1
10205,1
10206,0
10207,1
10208,1
10209,1
10210,1
10211,0
10212,1
10213,1
10214,1
10215,1
10216,1
10217,1
10218,1
10219,1
10220,1
10221,1
10222,1
10223,1
10224,1
10225,1
10226,1
10227,1
10228,1
10229,0
10230,1
10231,1
10232,1
10233,1
10234,1
10235,1
10236,1
10237,1
10238,1
10239,1
10240,1
10241,1
10242,1
10243,1
10244,1
10245,1
10246,1
10247,1
10248,1
10249,1
10250,1
10251,1
10252,1
10253,1
10254,1
10255,1
10256,1
10257,1
10258,1
10259,1
10260,1
10261,1
10262,1
10263,1
10264,1
10265,1
10266,0
10267,1
10268,1
10269,1
10270,0
10271,1
10272,1
10273,0
10274,1
10275,1
10276,1
10277,1
10278,1
10279,1
10280,1
10281,1
10282,1
10283,0
10284,1
10285,1
10286,1
10287,1
10288,1
10289,1
10290,1
10291,1
10292,1
10293,1
10294,1
10295,1
10296,1
10297,1
10298,1
10299,1
10300,1
10301,1
10302,1
10303,0
10304,1
10305,1
10306,0
10307,1
10308,1
10309,1
10310,0
10311,1
10312,1
10313,0
10314,1
10315,1
10316,1
10317,1
10318,1
10319,1
10320,1
10321,1
10322,1
10323,1
10324,1
10325,1
10326,1
10327,1
10328,0
10329,1
10330,1
10331,1
10332,1
10333,1
10334,1
10335,1
10336,1
10337,0
10338,1
10339,1
10340,1
10341,1
10342,1
10343,1
10344,1
10345,1
10346,1
10347,1
10348,1
10349,1
10350,1
10351,1
10352,1
10353,1
10354,1
10355,1
10356,1
10357,1
10358,0
10359,1
10360,1
10361,1
10362,0
10363,1
10364,1
10365,1
10366,1
10367,1
10368,0
10369,1
10370,1
10371,1
10372,1
10373,0
10374,1
10375,1
10376,1
10377,1
10378,1
10379,1
10380,1
10381,1
10382,1
10383,1
10384,2
10385,2
10386,2
10387,2
10388,2
10389,2
10390,2
10391,2
10392,2
10393,2
10394,2
10395,2
10396,2
10397,2
10398,2
10399,2
10400,2
10401,2
10402,2
10403,2
10404,2
10405,2
10406,2
10407,2
10408,2
10409,2
10410,2
10411,2
10412,2
10413,2
10414,2
10415,2
10416,2
10417,2
10418,2
10419,2
10420,2
10421,2
10422,2
10423,2
10424,2
10425,2
10426,2
10427,2
10428,2
10429,2
10430,2
10431,2
10432,2
10433,2
10434,2
10435,2
10436,2
10437,2
10438,2
10439,2
10440,2
10441,2
10442,2
10443,2
10444,2
10445,2
10446,2
10447,2
10448,2
10449,2
10450,2
10451,2
10452,2
10453,2
10454,2
10455,2
10456,2
10457,2
10458,2
10459,2
10460,2
10461,2
10462,2
10463,2
10464,2
10465,2
10466,2
10467,2
10468,2
10469,2
10470,2
10471,2
10472,2
10473,2
10474,2
10475,2
10476,2
10477,2
10478,2
10479,2
10480,2
10481,2
10482,2
10483,2
10484,2
10485,2
10486,2
10487,2
10488,2
10489,2
10490,2
10491,2
10492,2
10493,2
10494,2
10495,2
10496,2
10497,2
10498,2
10499,2
10500,2
10501,2
10502,2
10503,2
10504,2
10505,2
10506,2
10507,2
10508,2
10509,2
10510,2
10511,2
10512,2
10513,2
10514,2
10515,2
10516,2
10517,2
10518,2
10519,2
10520,2
10521,2
10522,2
10523,2
10524,2
10525,2
10526,2
10527,2
10528,2
10529,2
10530,2
10531,2
10532,2
10533,2
10534,2
10535,2
10536,2
10537,2
10538,2
10539,2
10540,2
10541,2
10542,2
10543,2
10544,2
10545,2
10546,2
10547,2
10548,2
10549,2
10550,2
10551,2
10552,2
10553,2
10554,2
10555,2
10556,2
10557,2
10558,2
10559,2
10560,2
10561,2
10562,2
10563,2
10564,2
10565,2
10566,2
10567,2
10568,2
10569,2
10570,2
10571,2
10572,2
10573,2
10574,2
10575,2
10576,2
10577,2
10578,2
10579,2
10580,2
10581,2
10582,2
10583,2
10584,2
10585,2
10586,2
10587,2
10588,2
10589,2
10590,2
10591,2
10592,2
10593,2
10594,2
10595,2
10596,2
10597,2
10598,2
10599,2
10600,2
10601,2
10602,2
10603,2
10604,2
10605,2
10606,2
10607,2
10608,2
10609,2
10610,2
10611,2
10612,2
10613,2
10614,2
10615,2
10616,2
10617,2
10618,2
10619,2
10620,2
10621,2
10622,2
10623,2
10624,2
10625,2
10626,2
10627,2
10628,2
10629,2
10630,2
10631,2
10632,2
10633,2
10634,2
10635,2
10636,2
10637,2
10638,2
10639,2
10640,2
10641,2
10642,2
10643,2
10644,2
10645,2
10646,2
10647,2
10648,2
10649,2
10650,2
10651,2
10652,2
10653,2
10654,2
10655,2
10656,2
10657,2
10658,2
10659,2
10660,2
10661,2
10662,2
10663,2
10664,2
10665,2
10666,2
10667,2
10668,2
10669,2
10670,2
10671,2
10672,2
10673,2
10674,2
10675,2
10676,2
10677,2
10678,2
10679,2
10680,2
10681,2
10682,2
10683,2
10684,2
10685,2
10686,2
10687,2
10688,2
10689,2
10690,2
10691,2
10692,2
10693,2
10694,2
10695,2
10696,2
10697,2
10698,2
10699,2
10700,2
10701,2
10702,2
10703,2
10704,2
10705,2
10706,2
10707,2
10708,2
10709,2
10710,2
10711,2
10712,2
10713,2
10714,2
10715,2
10716,2
10717,2
10718,2
10719,2
10720,2
10721,2
10722,2
10723,2
10724,2
10725,2
10726,2
10727,2
10728,2
10729,2
10730,2
10731,2
10732,2
10733,2
10734,2
10735,2
10736,2
10737,2
10738,2
10739,2
10740,2
10741,2
10742,2
10743,0
10744,1
10745,1
10746,1
10747,1
10748,1
10749,1
10750,1
10751,1
10752,1
10753,1
10754,1
10755,1
10756,1
10757,1
10758,1
10759,1
10760,1
10761,1
10762,0
10763,1
10764,1
10765,1
10766,1
10767,1
10768,1
10769,1
10770,1
10771,0
10772,1
10773,1
10774,1
10775,1
10776,1
10777,1
10778,1
10779,1
10780,1
10781,1
10782,0
10783,1
10784,1
10785,1
10786,1
10787,1
10788,1
10789,1
10790,1
10791,0
10792,1
10793,1
10794,1
10795,1
10796,1
10797,1
10798,0
10799,1
10800,1
10801,1
10802,1
10803,1
10804,1
10805,1
10806,1
10807,1
10808,0
10809,1
10810,1
10811,1
10812,0
10813,1
10814,1
10815,1
10816,1
10817,0
10818,1
10819,1
10820,1
10821,1
10822,1
10823,0
10824,1
10825,1
10826,1
10827,0
10828,1
10829,1
10830,1
10831,0
10832,1
10833,1
10834,0
10835,1
10836,1
10837,1
10838,1
10839,1
10840,1
10841,0
10842,1
10843,1
10844,0
10845,1
10846,1
10847,1
10848,1
10849,1
10850,1
10851,1
10852,1
10853,1
10854,1
10855,1
10856,1
10857,1
10858,0
10859,1
10860,1
10861,1
10862,0
10863,1
10864,1
10865,1
10866,1
10867,1
10868,1
10869,1
10870,1
10871,0
10872,1
10873,1
10874,1
10875,1
10876,1
10877,1
10878,1
10879,0
10880,1
10881,1
10882,1
10883,0
10884,1
10885,1
10886,1
10887,1
10888,1
10889,0
10890,1
10891,1
10892,1
10893,0
10894,1
10895,1
10896,1
10897,0
10898,1
10899,1
10900,1
10901,0
10902,1
10903,1
10904,1
10905,1
10906,1
10907,1
10908,1
10909,0
10910,0
10911,0
10912,1
10913,1
10914,1
10915,1
10916,1
10917,1
10918,1
10919,1
10920,0
10921,1
10922,1
10923,1
10924,1
10925,1
10926,0
10927,0
10928,1
10929,1
10930,1
10931,1
10932,1
10933,1
10934,1
10935,1
10936,1
10937,1
10938,1
10939,1
10940,1
10941,0
10942,0
10943,1
10944,1
10945,1
10946,1
10947,1
10948,1
10949,1
10950,1
10951,1
10952,1
10953,1
10954,1
10955,1
10956,1
10957,0
10958,1
10959,1
10960,1
10961,1
10962,1
10963,1
10964,1
10965,1
10966,1
10967,1
10968,1
10969,0
10970,1
10971,1
10972,0
10973,1
10974,1
10975,1
10976,1
10977,1
10978,1
10979,1
10980,1
10981,1
10982,0
10983,1
10984,1
10985,1
10986,1
10987,1
10988,1
10989,0
10990,1
10991,1
10992,1
10993,1
10994,0
10995,1
10996,1
10997,1
10998,0
10999,1
11000,1
11001,1
11002,1
11003,1
11004,1
11005,1
11006,1
11007,1
11008,1
11009,1
11010,1
11011,0
11012,1
11013,1
11014,1
11015,1
11016,1
11017,0
11018,1
11019,1
11020,1
11021,1
11022,0
11023,1
11024,1
11025,1
11026,1
11027,1
11028,1
11029,1
11030,1
11031,0
11032,1
11033,1
11034,1
11035,1
11036,1
11037,0
11038,1
11039,1
11040,1
11041,1
11042,1
11043,0
11044,1
11045,1
11046,1
11047,1
11048,1
11049,1
11050,1
11051,1
11052,0
11053,1
11054,1
11055,1
11056,1
11057,1
11058,1
11059,1
11060,1
11061,1
11062,1
11063,1
11064,1
11065,1
11066,1
11067,1
11068,1
11069,1
11070,1
11071,1
11072,1
11073,0
11074,1
11075,1
11076,1
11077,1
11078,1
11079,0
11080,1
11081,0
11082,1
11083,1
11084,1
11085,1
11086,1
11087,1
11088,1
11089,1
11090,1
11091,0
11092,1
11093,1
11094,1
11095,1
11096,0
11097,1
11098,1
11099,1
11100,1
11101,0
11102,1
11103,0
11104,1
11105,1
11106,1
11107,1
11108,0
11109,1
11110,0
11111,1
11112,0
11113,1
11114,1
11115,1
11116,1
11117,1
11118,0
11119,1
11120,1
11121,1
11122,1
11123,1
11124,1
11125,1
11126,0
11127,1
11128,0
11129,1
11130,1
11131,1
11132,1
11133,0
11134,1
11135,1
11136,1
11137,1
11138,1
11139,1
11140,1
11141,1
11142,1
11143,1
11144,1
11145,1
11146,0
11147,1
11148,1
11149,0
11150,1
11151,1
11152,1
11153,1
11154,1
11155,1
11156,1
11157,1
11158,1
11159,1
11160,1
11161,1
11162,1
11163,1
11164,1
11165,1
11166,1
11167,1
11168,0
11169,1
11170,1
11171,1
11172,0
11173,0
11174,1
11175,1
11176,0
11177,1
11178,1
11179,1
11180,0
11181,1
11182,1
11183,1
11184,1
11185,0
11186,1
11187,0
11188,1
11189,1
11190,1
11191,0
11192,0
11193,1
11194,1
11195,0
11196,1
11197,1
11198,1
11199,1
11200,1
11201,0
11202,0
11203,1
11204,1
11205,0
11206,1
11207,0
11208,1
11209,1
11210,1
11211,1
11212,1
11213,0
11214,1
11215,1
11216,1
11217,1
11218,1
11219,1
11220,1
11221,1
11222,1
11223,1
11224,0
11225,1
11226,1
11227,0
11228,0
11229,1
11230,1
11231,1
11232,1
11233,0
11234,1
11235,1
11236,1
11237,0
11238,1
11239,1
11240,1
11241,1
11242,1
11243,1
11244,1
11245,1
11246,0
11247,0
11248,1
11249,0
11250,1
11251,1
11252,1
11253,1
11254,0
11255,1
11256,1
11257,1
11258,1
11259,1
11260,0
11261,1
11262,0
11263,1
11264,0
11265,1
11266,0
11267,0
11268,1
11269,1
11270,1
11271,1
11272,1
11273,1
11274,0
11275,1
11276,0
11277,1
11278,1
11279,1
11280,1
11281,0
11282,1
11283,0
11284,1
11285,0
11286,1
11287,1
11288,1
11289,1
11290,1
11291,1
11292,1
11293,1
11294,1
11295,1
11296,1
11297,1
11298,1
11299,0
11300,0
11301,1
11302,1
11303,1
11304,1
11305,1
11306,1
11307,0
11308,1
11309,1
11310,1
11311,1
11312,1
11313,1
11314,0
11315,0
11316,1
11317,1
11318,0
11319,1
11320,0
11321,1
11322,1
11323,1
11324,0
11325,1
11326,1
11327,1
11328,1
11329,1
11330,1
11331,1
11332,1
11333,1
11334,1
11335,0
11336,1
11337,0
11338,1
11339,1
11340,1
11341,1
11342,1
11343,0
11344,0
11345,1
11346,1
11347,1
11348,0
11349,0
11350,1
11351,0
11352,1
11353,1
11354,1
11355,1
11356,0
11357,1
11358,1
11359,1
11360,1
11361,1
11362,1
11363,1
11364,1
11365,1
11366,0
11367,1
11368,1
11369,0
11370,0
11371,1
11372,1
11373,1
11374,0
11375,1
11376,1
11377,1
11378,1
11379,1
11380,1
11381,1
11382,1
11383,1
11384,0
11385,0
11386,0
11387,1
11388,1
11389,0
11390,1
11391,0
11392,1
11393,1
11394,1
11395,1
11396,1
11397,1
11398,1
11399,0
11400,1
11401,1
11402,1
11403,1
11404,1
11405,0
11406,1
11407,1
11408,1
11409,1
11410,0
11411,1
11412,0
11413,1
11414,0
11415,1
11416,1
11417,1
11418,1
11419,0
11420,0
11421,0
11422,0
11423,1
11424,0
11425,1
11426,1
11427,1
11428,0
11429,1
11430,0
11431,0
11432,1
11433,0
11434,1
11435,0
11436,1
11437,1
11438,0
11439,1
11440,1
11441,0
11442,1
11443,0
11444,0
11445,1
11446,1
11447,1
11448,1
11449,0
11450,0
11451,1
11452,0
11453,1
11454,1
11455,1
11456,1
11457,1
11458,0
11459,0
11460,1
11461,1
11462,1
11463,1
11464,0
11465,1
11466,1
11467,0
11468,1
11469,1
11470,1
11471,1
11472,1
11473,1
11474,1
11475,1
11476,0
11477,1
11478,1
11479,0
11480,1
11481,1
11482,0
11483,1
11484,1
11485,1
11486,1
11487,1
11488,1
11489,1
11490,0
11491,0
11492,1
11493,1
11494,1
11495,0
11496,1
11497,0
11498,1
11499,1
11500,0
11501,1
11502,1
11503,1
11504,1
11505,0
11506,1
11507,0
11508,1
11509,1
11510,0
11511,1
11512,0
11513,1
11514,1
11515,1
11516,1
11517,1
11518,0
11519,1
11520,0
11521,1
11522,1
11523,0
11524,0
11525,1
11526,1
11527,1
11528,0
11529,1
11530,1
11531,0
11532,0
11533,1
11534,0
11535,1
11536,1
11537,1
11538,1
11539,1
11540,1
11541,1
11542,1
11543,1
11544,1
11545,0
11546,0
11547,1
11548,1
11549,1
11550,1
11551,1
11552,3
11553,3
11554,3
11555,3
11556,3
11557,3
11558,3
11559,3
11560,3
11561,3
11562,3
11563,3
11564,3
11565,3
11566,3
11567,3
11568,3
11569,3
11570,3
11571,3
11572,3
11573,3
11574,3
11575,3
11576,3
11577,3
11578,3
11579,3
11580,3
11581,3
11582,3
11583,3
11584,3
11585,2
11586,2
11587,2
11588,2
11589,2
11590,2
11591,2
11592,2
11593,2
11594,2
11595,2
11596,2
11597,2
11598,2
11599,2
11600,2
11601,2
11602,2
11603,2
11604,2
11605,2
11606,2
11607,2
11608,2
11609,2
11610,2
11611,2
11612,2
11613,2
11614,2
11615,1
11616,1
11617,1
11618,1
11619,1
11620,1
11621,1
11622,1
11623,1
11624,0
11625,1
11626,1
11627,1
11628,1
11629,0
11630,1
11631,3
11632,3
11633,3
11634,3
11635,3
11636,3
11637,3
11638,3
11639,3
11640,3
11641,3
11642,3
11643,3
11644,3
11645,3
11646,3
11647,3
11648,3
11649,3
11650,3
11651,3
11652,3
11653,3
11654,3
11655,3
11656,3
11657,3
11658,3
11659,3
11660,2
11661,2
11662,2
11663,2
11664,2
11665,2
11666,2
11667,2
11668,2
11669,2
11670,2
11671,2
11672,2
11673,2
11674,2
11675,2
11676,2
11677,2
11678,2
11679,3
11680,3
11681,3
11682,3
11683,3
11684,3
11685,3
11686,3
11687,3
11688,3
11689,3
11690,3
11691,3
11692,3
11693,3
11694,1
11695,1
11696,1
11697,1
11698,0
11699,1
11700,0
11701,1
11702,0
11703,0
11704,1
11705,0
11706,0
11707,0
11708,1
11709,1
11710,0
11711,1
11712,1
11713,0
11714,1
11715,1
11716,1
11717,0
11718,1
11719,1
11720,1
11721,1
11722,1
11723,1
11724,2
11725,2
11726,2
11727,2
11728,2
11729,2
11730,2
11731,2
11732,2
11733,2
11734,2
11735,2
11736,2
11737,2
11738,2
11739,2
11740,2
11741,2
11742,2
11743,2
11744,2
11745,2
11746,2
11747,2
11748,2
11749,2
11750,2
11751,2
11752,2
11753,2
11754,2
11755,2
11756,2
11757,2
11758,2
11759,2
11760,2
11761,2
11762,2
11763,2
11764,2
11765,2
11766,2
11767,2
11768,2
11769,2
11770,2
11771,2
11772,2
11773,2
11774,2
11775,2
11776,2
11777,2
11778,2
11779,2
11780,2
11781,2
11782,2
11783,2
11784,2
11785,2
11786,2
11787,2
11788,2
11789,2
11790,2
11791,2
11792,2
11793,2
11794,2
11795,2
11796,2
11797,2
11798,2
11799,2
11800,2
11801,2
11802,2
11803,2
11804,2
11805,2
11806,2
11807,2
11808,2
11809,2
11810,2
11811,2
11812,2
11813,2
11814,2
11815,2
11816,2
11817,2
11818,2
11819,2
11820,2
11821,2
11822,2
11823,2
11824,2
11825,2
11826,2
11827,2
11828,2
11829,2
11830,2
11831,2
11832,2
11833,2
11834,2
11835,2
11836,2
11837,2
11838,2
11839,2
11840,2
11841,2
11842,2
11843,2
11844,2
11845,2
11846,2
11847,2
11848,2
11849,2
11850,2
11851,2
11852,2
11853,2
11854,2
11855,2
11856,2
11857,2
11858,2
11859,2
11860,2
11861,2
11862,2
11863,3
11864,3
11865,3
11866,3
11867,3
11868,3
11869,3
11870,3
11871,3
11872,3
11873,2
11874,2
11875,2
11876,2
11877,2
11878,2
11879,2
11880,2
11881,2
11882,2
11883,2
11884,2
11885,2
11886,2
11887,2
11888,2
11889,2
11890,2
11891,2
11892,2
11893,2
11894,2
11895,2
11896,2
11897,2
11898,2
11899,2
11900,2
11901,2
11902,2
11903,2
11904,2
11905,2
11906,2
11907,2
11908,2
11909,2
11910,2
11911,2
11912,2
11913,2
11914,2
11915,2
11916,2
11917,2
11918,2
11919,2
11920,2
11921,2
11922,2
11923,2
11924,2
11925,2
11926,2
11927,2
11928,2
11929,2
11930,2
11931,2
11932,2
11933,2
11934,2
11935,2
11936,2
11937,2
11938,2
11939,2
11940,2
11941,2
11942,2
11943,2
11944,2
11945,2
11946,2
11947,2
11948,2
11949,2
11950,2
11951,2
11952,2
11953,2
11954,2
11955,2
11956,2
11957,2
11958,2
11959,2
11960,2
11961,2
11962,2
11963,2
11964,2
11965,2
11966,2
11967,2
11968,2
11969,2
11970,2
11971,2
11972,2
11973,2
11974,2
11975,2
11976,2
11977,2
11978,2
11979,2
11980,2
11981,2
11982,2
11983,2
11984,2
11985,2
11986,2
11987,2
11988,2
11989,2
11990,2
11991,2
11992,2
11993,2
11994,2
11995,2
11996,2
11997,2
11998,2
11999,2
12000,2
12001,2
12002,2
12003,2
12004,2
12005,2
12006,2
12007,2
12008,2
12009,2
12010,2
12011,2
12012,2
12013,2
12014,2
12015,2
12016,2
12017,2
12018,2
12019,2
12020,2
12021,2
12022,2
12023,2
12024,2
12025,2
12026,2
12027,2
12028,2
12029,2
12030,2
12031,2
12032,2
12033,2
12034,2
12035,2
12036,2
12037,2
12038,2
12039,2
12040,2
12041,2
12042,2
12043,2
12044,2
12045,2
12046,2
12047,2
12048,2
12049,2
12050,2
12051,2
12052,2
12053,2
12054,2
12055,2
12056,2
12057,2
12058,2
12059,2
12060,2
12061,2
12062,2
12063,2
12064,2
12065,2
12066,2
12067,2
12068,2
12069,2
12070,2
12071,2
12072,2
12073,2
12074,2
12075,2
12076,2
12077,2
12078,2
12079,2
12080,2
12081,2
12082,2
12083,2
12084,2
12085,2
12086,2
12087,2
12088,2
12089,2
12090,2
12091,2
12092,2
12093,2
12094,2
12095,2
12096,2
12097,2
12098,2
12099,2
12100,2
12101,2
12102,2
12103,2
12104,2
12105,2
12106,2
12107,2
12108,2
12109,2
12110,2
12111,2
12112,2
12113,2
12114,2
12115,2
12116,2
12117,2
12118,2
12119,2
12120,2
12121,2
12122,2
12123,2
12124,2
12125,2
12126,2
12127,2
12128,2
12129,2
12130,2
12131,2
12132,2
12133,2
12134,2
12135,2
12136,2
12137,2
12138,2
12139,2
12140,2
12141,2
12142,2
12143,2
12144,2
12145,2
12146,2
12147,2
12148,2
12149,2
12150,2
12151,2
12152,2
12153,2
12154,2
12155,2
12156,2
12157,2
12158,2
12159,2
12160,2
12161,2
12162,2
12163,2
12164,2
12165,2
12166,2
12167,2
12168,2
12169,2
12170,2
12171,2
12172,2
12173,2
12174,2
12175,2
12176,2
12177,2
12178,2
12179,2
12180,2
12181,2
12182,2
12183,2
12184,2
12185,2
12186,2
12187,2
12188,2
12189,2
12190,2
12191,2
12192,2
12193,2
12194,2
12195,2
12196,2
12197,2
12198,2
12199,2
12200,2
12201,2
12202,2
12203,2
12204,2
12205,2
12206,2
12207,2
12208,2
12209,2
12210,2
12211,2
12212,2
12213,2
12214,2
12215,2
12216,2
12217,2
12218,2
12219,2
12220,2
12221,2
12222,2
12223,2
12224,2
12225,2
12226,2
12227,2
12228,2
12229,2
12230,2
12231,2
12232,2
12233,2
12234,2
12235,2
12236,2
12237,2
12238,2
12239,2
12240,2
12241,2
12242,2
12243,2
12244,2
12245,2
12246,2
12247,2
12248,2
12249,2
12250,2
12251,2
12252,2
12253,2
12254,2
12255,2
12256,2
12257,2
12258,2
12259,2
12260,2
12261,2
12262,2
12263,2
12264,2
12265,2
12266,2
12267,2
12268,2
12269,2
12270,2
12271,2
12272,2
12273,2
12274,2
12275,2
12276,2
12277,2
12278,2
12279,2
12280,2
12281,2
12282,2
12283,2
12284,2
12285,2
12286,2
12287,2
12288,2
12289,2
12290,2
12291,2
12292,2
12293,2
12294,2
12295,2
12296,2
12297,2
12298,2
12299,2
12300,2
12301,2
12302,2
12303,2
12304,2
12305,2
12306,2
12307,2
12308,2
12309,2
12310,2
12311,2
12312,2
12313,2
12314,2
12315,2
12316,2
12317,2
12318,2
12319,2
12320,2
12321,2
12322,2
12323,2
12324,2
12325,2
12326,2
12327,2
12328,2
12329,2
12330,2
12331,2
12332,2
12333,2
12334,2
12335,2
12336,2
12337,2
12338,2
12339,2
12340,2
12341,2
12342,2
12343,2
12344,2
12345,2
12346,2
12347,2
12348,2
12349,2
12350,2
12351,2
12352,2
12353,2
12354,2
12355,2
12356,2
12357,2
12358,2
12359,2
12360,2
12361,2
12362,2
12363,2
12364,2
12365,2
12366,2
12367,2
12368,2
12369,2
12370,2
12371,2
12372,2
12373,2
12374,2
12375,2
12376,2
12377,2
12378,2
12379,2
12380,2
12381,2
12382,2
12383,2
12384,2
12385,2
12386,2
12387,2
12388,2
12389,2
12390,2
12391,2
12392,2
12393,2
12394,2
12395,2
12396,2
12397,2
12398,2
12399,2
12400,2
12401,2
12402,2
12403,2
12404,2
12405,2
12406,2
12407,2
12408,2
12409,2
12410,2
12411,2
12412,2
12413,2
12414,2
12415,2
12416,2
12417,2
12418,2
12419,2
12420,2
12421,2
12422,2
12423,2
12424,2
12425,2
12426,2
12427,2
12428,2
12429,2
12430,2
12431,2
12432,2
12433,2
12434,2
12435,2
12436,2
12437,2
12438,2
12439,2
12440,2
12441,2
12442,2
12443,2
12444,2
12445,2
12446,2
12447,2
12448,2
12449,2
12450,2
12451,2
12452,2
12453,2
12454,2
12455,2
12456,2
12457,2
12458,2
12459,2
12460,2
12461,2
12462,2
12463,2
12464,2
12465,2
12466,2
12467,2
12468,2
12469,2
12470,2
12471,2
12472,2
12473,2
12474,2
12475,2
12476,2
12477,2
12478,2
12479,2
12480,2
12481,2
12482,2
12483,2
12484,2
12485,2
12486,2
12487,2
12488,2
12489,2
12490,2
12491,2
12492,2
12493,2
12494,2
12495,2
12496,2
12497,2
12498,2
12499,2
12500,2
12501,2
12502,2
12503,2
12504,2
12505,2
12506,2
12507,2
12508,2
12509,2
12510,2
12511,2
12512,2
12513,2
12514,2
12515,2
12516,2
12517,2
12518,2
12519,2
12520,2
12521,2
12522,2
12523,2
12524,2
12525,2
12526,2
12527,2
12528,2
12529,2
12530,2
12531,2
12532,2
12533,2
12534,2
12535,2
12536,2
12537,2
12538,2
12539,2
12540,2
12541,2
12542,2
12543,2
12544,2
12545,2
12546,2
12547,2
12548,2
12549,2
12550,2
12551,2
12552,2
12553,2
12554,2
12555,2
12556,2
12557,2
12558,2
12559,2
12560,2
12561,2
12562,2
12563,2
12564,2
12565,2
12566,2
12567,2
12568,2
12569,2
12570,2
12571,2
12572,2
12573,2
12574,2
12575,2
12576,2
12577,2
12578,2
12579,2
12580,2
12581,2
12582,2
12583,2
12584,2
12585,2
12586,2
12587,2
12588,2
12589,2
12590,2
12591,2
12592,2
12593,2
12594,2
12595,2
12596,2
12597,2
12598,2
12599,2
12600,2
12601,2
12602,2
12603,2
12604,2
12605,2
12606,2
12607,2
12608,2
12609,2
12610,2
12611,2
12612,2
12613,2
12614,2
12615,2
12616,2
12617,2
12618,2
12619,2
12620,2
12621,2
12622,2
12623,2
12624,2
12625,2
12626,2
12627,2
12628,2
12629,2
12630,2
12631,2
12632,2
12633,2
12634,2
12635,2
12636,2
12637,2
12638,2
12639,2
12640,2
12641,2
12642,2
12643,2
12644,2
12645,2
12646,2
12647,2
12648,2
12649,2
12650,2
12651,2
12652,2
12653,2
12654,2
12655,2
12656,2
12657,2
12658,2
12659,2
12660,2
12661,2
12662,2
12663,2
12664,2
12665,2
12666,2
12667,2
12668,2
12669,2
12670,2
12671,2
12672,2
12673,2
12674,2
12675,2
12676,2
12677,2
12678,2
12679,2
12680,2
12681,2
12682,2
12683,2
12684,2
12685,2
12686,2
12687,2
12688,2
12689,2
12690,2
12691,2
12692,2
12693,2
12694,2
12695,2
12696,2
12697,2
12698,2
12699,2
12700,2
12701,2
12702,2
12703,2
12704,2
12705,2
12706,2
12707,2
12708,2
12709,2
12710,2
12711,2
12712,2
12713,2
12714,2
12715,2
12716,2
12717,2
12718,2
12719,2
12720,2
12721,2
12722,2
12723,2
12724,2
12725,2
12726,2
12727,2
12728,2
12729,2
12730,2
12731,2
12732,2
12733,2
12734,2
12735,2
12736,2
12737,2
12738,2
12739,2
12740,2
12741,2
12742,2
12743,2
12744,2
12745,2
12746,2
12747,2
12748,2
12749,2
12750,2
12751,2
12752,2
12753,2
12754,2
12755,2
12756,2
12757,2
12758,2
12759,2
12760,2
12761,2
12762,2
12763,2
12764,2
12765,2
12766,2
12767,2
12768,2
12769,2
12770,2
12771,2
12772,2
12773,2
12774,2
12775,2
12776,2
12777,2
12778,2
12779,2
12780,2
12781,2
12782,2
12783,2
12784,2
12785,2
12786,2
12787,2
12788,2
12789,2
12790,2
12791,2
12792,2
12793,2
12794,2
12795,2
12796,2
12797,2
12798,2
12799,2
12800,2
12801,2
12802,2
12803,2
12804,2
12805,2
12806,2
12807,2
12808,2
12809,2
12810,2
12811,2
12812,2
12813,2
12814,2
12815,2
12816,2
12817,2
12818,2
12819,2
12820,2
12821,2
12822,2
12823,2
12824,2
12825,2
12826,2
12827,2
12828,2
12829,2
12830,2
12831,2
12832,2
12833,2
12834,2
12835,2
12836,2
12837,2
12838,2
12839,2
12840,2
12841,2
12842,2
12843,2
12844,2
12845,2
12846,2
12847,2
12848,2
12849,2
12850,2
12851,2
12852,2
12853,2
12854,2
12855,2
12856,2
12857,2
12858,2
12859,2
12860,2
12861,2
12862,2
12863,2
12864,2
12865,2
12866,2
12867,2
12868,2
12869,2
12870,2
12871,2
12872,2
12873,2
12874,2
12875,2
12876,2
12877,2
12878,2
12879,2
12880,2
12881,2
12882,2
12883,2
12884,2
12885,2
12886,2
12887,2
12888,2
12889,2
12890,2
12891,2
12892,2
12893,2
12894,2
12895,2
12896,2
12897,2
12898,2
12899,2
12900,2
12901,2
12902,2
12903,2
12904,2
12905,2
12906,2
12907,2
12908,2
12909,2
12910,2
12911,2
12912,2
12913,2
12914,2
12915,2
12916,2
12917,2
12918,2
12919,2
12920,2
12921,2
12922,2
12923,2
12924,2
12925,2
12926,2
12927,2
12928,2
12929,2
12930,2
12931,2
12932,2
12933,2
12934,2
12935,2
12936,2
12937,2
12938,2
12939,2
12940,2
12941,2
12942,2
12943,2
12944,2
12945,2
12946,2
12947,2
12948,2
12949,2
12950,2
12951,2
12952,2
12953,2
12954,2
12955,2
12956,2
12957,2
12958,2
12959,2
12960,2
12961,2
12962,2
12963,2
12964,2
12965,2
12966,2
12967,2
12968,2
12969,2
12970,2
12971,2
12972,2
12973,2
12974,2
12975,2
12976,2
12977,2
12978,2
12979,2
12980,2
12981,2
12982,2
12983,2
12984,2
12985,2
12986,2
12987,2
12988,2
12989,2
12990,2
12991,2
12992,2
12993,2
12994,2
12995,2
12996,2
12997,2
12998,2
12999,2
13000,2
13001,2
13002,2
13003,2
13004,2
13005,2
13006,2
13007,2
13008,2
13009,2
13010,2
13011,2
13012,2
13013,2
13014,2
13015,2
13016,2
13017,2
13018,2
13019,2
13020,2
13021,2
13022,2
13023,2
13024,2
13025,2
13026,2
13027,2
13028,2
13029,2
13030,2
13031,2
13032,2
13033,2
13034,2
13035,2
13036,2
13037,2
13038,2
13039,2
13040,2
13041,2
13042,2
13043,2
13044,2
13045,2
13046,2
13047,2
13048,2
13049,2
13050,2
13051,2
13052,2
13053,2
13054,2
13055,2
13056,2
13057,2
13058,2
13059,2
13060,2
13061,2
13062,2
13063,2
13064,2
13065,2
13066,2
13067,2
13068,2
13069,2
13070,2
13071,2
13072,2
13073,2
13074,2
13075,2
13076,2
13077,2
13078,2
13079,2
13080,2
13081,2
13082,2
13083,2
13084,2
13085,2
13086,2
13087,2
13088,2
13089,2
13090,2
13091,2
13092,2
13093,2
13094,2
13095,2
13096,2
13097,2
13098,2
13099,2
13100,2
13101,2
13102,2
13103,2
13104,2
13105,2
13106,2
13107,2
13108,2
13109,2
13110,2
13111,2
13112,2
13113,2
13114,2
13115,2
13116,2
13117,2
13118,2
13119,2
13120,2
13121,2
13122,2
13123,2
13124,2
13125,2
13126,2
13127,2
13128,2
13129,2
13130,2
13131,2
13132,2
13133,2
13134,2
13135,2
13136,2
13137,2
13138,2
13139,2
13140,2
13141,2
13142,2
13143,2
13144,2
13145,2
13146,2
13147,2
13148,2
13149,2
13150,2
13151,2
13152,2
13153,2
13154,2
13155,2
13156,2
13157,2
13158,2
13159,2
13160,2
13161,2
13162,2
13163,2
13164,2
13165,2
13166,2
13167,2
13168,2
13169,2
13170,2
13171,2
13172,2
13173,2
13174,2
13175,2
13176,2
13177,2
13178,2
13179,2
13180,2
13181,2
13182,2
13183,2
13184,2
13185,2
13186,2
13187,2
13188,2
13189,2
13190,2
13191,2
13192,2
13193,2
13194,2
13195,2
13196,2
13197,2
13198,2
13199,2
13200,2
13201,2
13202,2
13203,2
13204,2
13205,2
13206,2
13207,2
13208,2
13209,2
13210,2
13211,2
13212,2
13213,2
13214,2
13215,2
13216,2
13217,2
13218,2
13219,2
13220,2
13221,2
13222,2
13223,2
13224,2
13225,2
13226,2
13227,2
13228,2
13229,2
13230,2
13231,2
13232,2
13233,2
13234,2
13235,2
13236,2
13237,2
13238,2
13239,2
13240,2
13241,2
13242,2
13243,2
13244,2
13245,2
13246,2
13247,2
13248,2
13249,2
13250,2
13251,2
13252,2
13253,1
13254,1
13255,1
13256,1
13257,1
13258,1
13259,1
13260,1
13261,0
13262,1
13263,1
13264,1
13265,1
13266,1
13267,1
13268,1
13269,1
13270,1
13271,1
13272,0
13273,0
13274,1
13275,1
13276,1
13277,0
13278,1
13279,1
13280,1
13281,0
13282,1
13283,1
13284,0
13285,1
13286,1
13287,0
13288,1
13289,1
13290,1
13291,0
13292,1
13293,1
13294,0
13295,1
13296,1
13297,1
13298,0
13299,1
13300,1
13301,0
13302,0
13303,0
13304,1
13305,0
13306,1
13307,1
13308,1
13309,0
13310,1
13311,1
13312,1
13313,1
13314,0
13315,1
13316,1
13317,0
13318,1
13319,1
13320,0
13321,0
13322,0
13323,1
13324,0
13325,1
13326,1
13327,0
13328,1
13329,1
13330,1
13331,1
13332,1
13333,1
13334,1
13335,1
13336,0
13337,1
13338,1
13339,1
13340,1
13341,1
13342,0
13343,1
13344,0
13345,1
13346,1
13347,1
13348,0
13349,1
13350,1
13351,1
13352,1
13353,1
13354,1
13355,1
13356,0
13357,1
13358,1
13359,1
13360,1
13361,1
13362,0
13363,1
13364,1
13365,1
13366,0
13367,0
13368,0
13369,1
13370,1
13371,1
13372,1
13373,1
13374,1
13375,1
13376,1
13377,1
13378,0
13379,1
13380,1
13381,1
13382,1
13383,0
13384,1
13385,1
13386,1
13387,1
13388,1
13389,1
13390,1
13391,1
13392,0
13393,0
13394,0
13395,0
13396,1
13397,0
13398,1
13399,0
13400,1
13401,0
13402,1
13403,1
13404,1
13405,0
13406,1
13407,0
13408,1
13409,1
13410,1
13411,1
13412,1
13413,0
13414,1
13415,1
13416,1
13417,0
13418,1
13419,1
13420,0
13421,1
13422,1
13423,1
13424,1
13425,0
13426,1
13427,0
13428,0
13429,1
13430,1
13431,0
13432,1
13433,0
13434,1
13435,1
13436,1
13437,1
13438,1
13439,0
13440,0
13441,0
13442,1
13443,1
13444,1
13445,1
13446,1
13447,1
13448,1
13449,1
13450,0
13451,1
13452,0
13453,1
13454,0
13455,1
13456,1
13457,1
13458,1
13459,1
13460,1
13461,1
13462,1
13463,0
13464,1
13465,1
13466,1
13467,1
13468,1
13469,0
13470,1
13471,1
13472,1
13473,1
13474,1
13475,1
13476,0
13477,1
13478,1
13479,1
13480,0
13481,1
13482,1
13483,0
13484,0
13485,1
13486,0
13487,1
13488,1
13489,1
13490,1
13491,1
13492,1
13493,0
13494,0
13495,1
13496,0
13497,1
13498,1
13499,1
13500,1
13501,1
13502,1
13503,1
13504,1
13505,1
13506,1
13507,1
13508,1
13509,1
13510,0
13511,1
13512,1
13513,1
13514,0
13515,0
13516,1
13517,1
13518,0
13519,1
13520,1
13521,0
13522,1
